"","Name","NOGA6","NOGA2.x","NOGA1","X2015","y2020","DeltaP5b","Wgroup","Cluster","Sektortext","Dienstleistungslevel","Produktionslevel"
"1"," Anbau von Getreide (ohne Reis), H√ºlsenfr√ºchten und √ñlsaaten","11100","1","0","5","6","20","3","Industrie, Produktion","Prim‰rsektor (Urproduktion)","Keine Dienstleistung","Non-Manufacturing"
"2"," Anbau von sonstigen einj√§hrigen Pflanzen","11900","1","0","40","20","-50","0","Industrie, Produktion","Prim‰rsektor (Urproduktion)","Keine Dienstleistung","Non-Manufacturing"
"3"," Anbau von Wein- und Tafeltrauben","12101","1","0","7","4","-42.85714286","0","Industrie, Produktion","Prim‰rsektor (Urproduktion)","Keine Dienstleistung","Non-Manufacturing"
"4"," Haltung von Tieren der Pferdegattung","14300","1","0","4","4","0","2","Industrie, Produktion","Prim‰rsektor (Urproduktion)","Keine Dienstleistung","Non-Manufacturing"
"5"," Gemischte Landwirtschaft","15000","1","0","10","10","0","2","Industrie, Produktion","Prim‰rsektor (Urproduktion)","Keine Dienstleistung","Non-Manufacturing"
"6"," Forstwirtschaft","21000","2","0","13","16","23.07692308","4","Industrie, Produktion","Prim‰rsektor (Urproduktion)","Keine Dienstleistung","Non-Manufacturing"
"7"," Gewinnung von Kies, Sand, Ton und Kaolin","81200","8","0","16","14","-12.5","1","Industrie, Produktion","Prim‰rsektor (Urproduktion)","Keine Dienstleistung","Non-Manufacturing"
"8"," Schlachten (ohne Schlachten von Gefl√ºgel)","101100","10","1","349","309","-11.46131805","1","Industrie, Produktion","Sekund‰rsektor (Industrieller Sektor, Produktion)","Keine Dienstleistung","Low-technology"
"9"," Fleischverarbeitung","101300","10","1","1025","971","-5.268292683","1","Industrie, Produktion","Sekund‰rsektor (Industrieller Sektor, Produktion)","Keine Dienstleistung","Low-technology"
"10"," Fischverarbeitung","102000","10","1","138","167","21.01449275","4","Industrie, Produktion","Sekund‰rsektor (Industrieller Sektor, Produktion)","Keine Dienstleistung","Low-technology"
"11"," Herstellung von Backwaren (ohne Dauerbackwaren)","107100","10","1","494","403","-18.42105263","1","Industrie, Produktion","Sekund‰rsektor (Industrieller Sektor, Produktion)","Keine Dienstleistung","Low-technology"
"12"," Herstellung von Teigwaren","107300","10","1","5","5","0","2","Industrie, Produktion","Sekund‰rsektor (Industrieller Sektor, Produktion)","Keine Dienstleistung","Low-technology"
"13"," Herstellung von Zuckerwaren","108202","10","1","9","10","11.11111111","3","Industrie, Produktion","Sekund‰rsektor (Industrieller Sektor, Produktion)","Keine Dienstleistung","Low-technology"
"14"," Verarbeitung von Kaffee und Tee, Herstellung von Kaffee-Ersatz","108300","10","1","5","5","0","2","Industrie, Produktion","Sekund‰rsektor (Industrieller Sektor, Produktion)","Keine Dienstleistung","Low-technology"
"15"," Herstellung von W√ºrzmitteln und Saucen","108400","10","1","185","158","-14.59459459","1","Industrie, Produktion","Sekund‰rsektor (Industrieller Sektor, Produktion)","Keine Dienstleistung","Low-technology"
"16"," Herstellung von homogenisierten und di√§tetischen Nahrungsmitteln","108600","10","1","38","52","36.84210526","4","Industrie, Produktion","Sekund‰rsektor (Industrieller Sektor, Produktion)","Keine Dienstleistung","Low-technology"
"17"," Herstellung von sonstigen Nahrungsmitteln a. n. g.","108900","10","1","9","18","100","4","Industrie, Produktion","Sekund‰rsektor (Industrieller Sektor, Produktion)","Keine Dienstleistung","Low-technology"
"18"," Herstellung von Bier","110500","11","1","46","40","-13.04347826","1","Industrie, Produktion","Sekund‰rsektor (Industrieller Sektor, Produktion)","Keine Dienstleistung","Low-technology"
"19"," Veredlung von Textilien und Bekleidung","133000","13","1","7","10","42.85714286","4","Industrie, Produktion","Sekund‰rsektor (Industrieller Sektor, Produktion)","Keine Dienstleistung","Low-technology"
"20"," Herstellung von sonstigen Textilwaren a. n. g.","139903","13","1","7","9","28.57142857","4","Industrie, Produktion","Sekund‰rsektor (Industrieller Sektor, Produktion)","Keine Dienstleistung","Low-technology"
"21"," Herstellung von Damen- und M√§dchenoberbekleidung","141302","14","1","27","18","-33.33333333","0","Industrie, Produktion","Sekund‰rsektor (Industrieller Sektor, Produktion)","Keine Dienstleistung","Low-technology"
"22"," Herstellung von Oberbekleidung ohne ausgepr√§gten Schwerpunkt","141303","14","1","106","88","-16.98113208","1","Industrie, Produktion","Sekund‰rsektor (Industrieller Sektor, Produktion)","Keine Dienstleistung","Low-technology"
"23"," Herstellung von sonstiger Bekleidung und Bekleidungszubeh√∂r a. n. g.","141900","14","1","11","14","27.27272727","4","Industrie, Produktion","Sekund‰rsektor (Industrieller Sektor, Produktion)","Keine Dienstleistung","Low-technology"
"24"," Herstellung von Reiseartikeln, Leder- und Sattlerwaren (ohne Herstellung von Lederbekleidung und Schuhen)","151200","15","1","14","18","28.57142857","4","Industrie, Produktion","Sekund‰rsektor (Industrieller Sektor, Produktion)","Keine Dienstleistung","Low-technology"
"25"," Bauschreinerei, Fenster und T√ºren","162301","16","1","87","41","-52.87356322","0","Industrie, Produktion","Sekund‰rsektor (Industrieller Sektor, Produktion)","Keine Dienstleistung","Low-technology"
"26"," Schreinerarbeiten im Innenausbau","162302","16","1","240","285","18.75","3","Industrie, Produktion","Sekund‰rsektor (Industrieller Sektor, Produktion)","Keine Dienstleistung","Low-technology"
"27"," Herstellung von sonstigen Waren aus Papier, Karton und Pappe","172900","17","1","18","16","-11.11111111","1","Industrie, Produktion","Sekund‰rsektor (Industrieller Sektor, Produktion)","Keine Dienstleistung","Low-technology"
"28"," Offsetdruck","181201","18","1","261","96","-63.2183908","0","Industrie, Produktion","Sekund‰rsektor (Industrieller Sektor, Produktion)","Keine Dienstleistung","Low-technology"
"29"," Siebdruck","181202","18","1","10","7","-30","0","Industrie, Produktion","Sekund‰rsektor (Industrieller Sektor, Produktion)","Keine Dienstleistung","Low-technology"
"30"," Lichtpause- und Reprografiebetriebe","181203","18","1","34","26","-23.52941176","0","Industrie, Produktion","Sekund‰rsektor (Industrieller Sektor, Produktion)","Keine Dienstleistung","Low-technology"
"31"," Sonstiges Drucken a. n. g.","181204","18","1","30","31","3.333333333","2","Industrie, Produktion","Sekund‰rsektor (Industrieller Sektor, Produktion)","Keine Dienstleistung","Low-technology"
"32"," Erbringung von druckvorbereitenden Dienstleistungen","181301","18","1","70","52","-25.71428571","0","Industrie, Produktion","Sekund‰rsektor (Industrieller Sektor, Produktion)","Keine Dienstleistung","Low-technology"
"33"," Binden von Druckerzeugnissen und damit verbundene Dienstleistungen","181400","18","1","30","25","-16.66666667","1","Life Sciences, Chemie, Pharma","Sekund‰rsektor (Industrieller Sektor, Produktion)","Keine Dienstleistung","Low-technology"
"34"," Herstellung von Sch√§dlingsbek√§mpfungs-, Pflanzenschutz- und Desinfektionsmitteln","202000","20","2","61","20","-67.21311475","0","Life Sciences, Chemie, Pharma","Sekund‰rsektor (Industrieller Sektor, Produktion)","Keine Dienstleistung","Medium-high-technology"
"35"," Herstellung von Klebstoffen","205200","20","2","289","233","-19.37716263","1","Life Sciences, Chemie, Pharma","Sekund‰rsektor (Industrieller Sektor, Produktion)","Keine Dienstleistung","Medium-high-technology"
"36"," Herstellung von sonstigen chemischen Erzeugnissen a. n. g.","205900","20","2","573","296","-48.34205934","0","Life Sciences, Chemie, Pharma","Sekund‰rsektor (Industrieller Sektor, Produktion)","Keine Dienstleistung","Medium-high-technology"
"37"," Herstellung von pharmazeutischen Grundstoffen","211000","21","2","29","34","17.24137931","3","Life Sciences, Chemie, Pharma","Sekund‰rsektor (Industrieller Sektor, Produktion)","Keine Dienstleistung","High-technology"
"38"," Herstellung von pharmazeutischen Spezialit√§ten und sonstigen pharmazeutischen Erzeugnissen","212000","21","2","18667","17943","-3.87850217","2","Life Sciences, Chemie, Pharma","Sekund‰rsektor (Industrieller Sektor, Produktion)","Keine Dienstleistung","High-technology"
"39"," Herstellung von sonstigen Kunststoffwaren","222900","22","2","19","17","-10.52631579","1","Industrie, Produktion","Sekund‰rsektor (Industrieller Sektor, Produktion)","Keine Dienstleistung","Medium-low-technology"
"40"," Herstellung, Veredlung und Bearbeitung von sonstigem Glas einschliesslich technischen Glaswaren","231900","23","2","24","19","-20.83333333","0","Industrie, Produktion","Sekund‰rsektor (Industrieller Sektor, Produktion)","Keine Dienstleistung","Medium-low-technology"
"41"," Herstellung von keramischen Haushaltswaren und Ziergegenst√§nden","234100","23","2","6","4","-33.33333333","0","Industrie, Produktion","Sekund‰rsektor (Industrieller Sektor, Produktion)","Keine Dienstleistung","Medium-low-technology"
"42"," Be- und Verarbeitung von Naturwerksteinen und Natursteinen a. n. g.","237000","23","2","43","34","-20.93023256","0","Industrie, Produktion","Sekund‰rsektor (Industrieller Sektor, Produktion)","Keine Dienstleistung","Medium-low-technology"
"43"," Herstellung von Produkten aus Asphalt","239901","23","2","37","33","-10.81081081","1","Industrie, Produktion","Sekund‰rsektor (Industrieller Sektor, Produktion)","Keine Dienstleistung","Medium-low-technology"
"44"," Herstellung von Metallkonstruktionen","251100","25","2","39","40","2.564102564","2","MEM-Industrie","Sekund‰rsektor (Industrieller Sektor, Produktion)","Keine Dienstleistung","Medium-low-technology"
"45"," Herstellung von Ausbauelementen aus Metall","251200","25","2","20","23","15","3","MEM-Industrie","Sekund‰rsektor (Industrieller Sektor, Produktion)","Keine Dienstleistung","Medium-low-technology"
"46"," Mechanische Werkst√§tten","256201","25","2","179","108","-39.66480447","0","MEM-Industrie","Sekund‰rsektor (Industrieller Sektor, Produktion)","Keine Dienstleistung","Medium-low-technology"
"47"," Schlossereien","256202","25","2","44","49","11.36363636","3","MEM-Industrie","Sekund‰rsektor (Industrieller Sektor, Produktion)","Keine Dienstleistung","Medium-low-technology"
"48"," Herstellung von elektronischen Bauelementen","261100","26","2","374","154","-58.82352941","0","Industrie, Produktion","Sekund‰rsektor (Industrieller Sektor, Produktion)","Keine Dienstleistung","High-technology"
"49"," Herstellung von Ger√§ten der Unterhaltungselektronik","264000","26","2","4","4","0","2","Industrie, Produktion","Sekund‰rsektor (Industrieller Sektor, Produktion)","Keine Dienstleistung","High-technology"
"50"," Herstellung von Mess-, Kontroll-, Navigations- u. √§. Instrumenten und Vorrichtungen","265100","26","2","306","124","-59.47712418","0","Life Sciences, Chemie, Pharma","Sekund‰rsektor (Industrieller Sektor, Produktion)","Keine Dienstleistung","High-technology"
"51"," Herstellung und Zusammensetzung von Uhren","265201","26","2","13","10","-23.07692308","0","Industrie, Produktion","Sekund‰rsektor (Industrieller Sektor, Produktion)","Keine Dienstleistung","High-technology"
"52"," Herstellung von Bestrahlungs- und Elektrotherapieger√§ten und elektromedizinischen Ger√§ten","266000","26","2","367","465","26.70299728","4","Life Sciences, Chemie, Pharma","Sekund‰rsektor (Industrieller Sektor, Produktion)","Keine Dienstleistung","High-technology"
"53"," Herstellung von elektrischen Lampen und Leuchten","274000","27","2","418","335","-19.85645933","1","MEM-Industrie","Sekund‰rsektor (Industrieller Sektor, Produktion)","Keine Dienstleistung","Medium-high-technology"
"54"," Herstellung von Hebezeugen und F√∂rdermitteln","282200","28","2","6","10","66.66666667","4","MEM-Industrie","Sekund‰rsektor (Industrieller Sektor, Produktion)","Keine Dienstleistung","Medium-high-technology"
"55"," Herstellung von k√§lte- und lufttechnischen Erzeugnissen, nicht f√ºr den Haushalt","282500","28","2","52","58","11.53846154","3","MEM-Industrie","Sekund‰rsektor (Industrieller Sektor, Produktion)","Keine Dienstleistung","Medium-high-technology"
"56"," Herstellung von sonstigen nicht wirtschaftszweigspezifischen Maschinen a. n. g.","282900","28","2","7","11","57.14285714","4","MEM-Industrie","Sekund‰rsektor (Industrieller Sektor, Produktion)","Keine Dienstleistung","Medium-high-technology"
"57"," Herstellung von sonstigen Werkzeugmaschinen","284900","28","2","8","6","-25","0","MEM-Industrie","Sekund‰rsektor (Industrieller Sektor, Produktion)","Keine Dienstleistung","Medium-high-technology"
"58"," Sonstige Herstellung von Maschinen f√ºr sonstige bestimmte Wirtschaftszweige a. n. g.","289902","28","2","10","13","30","4","MEM-Industrie","Sekund‰rsektor (Industrieller Sektor, Produktion)","Keine Dienstleistung","Medium-high-technology"
"59"," Herstellung von Matratzen","310300","31","3","33","33","0","2","Industrie, Produktion","Sekund‰rsektor (Industrieller Sektor, Produktion)","Keine Dienstleistung","Low-technology"
"60"," Herstellung von sonstigen M√∂beln","310900","31","3","23","20","-13.04347826","1","Industrie, Produktion","Sekund‰rsektor (Industrieller Sektor, Produktion)","Keine Dienstleistung","Low-technology"
"61"," Herstellung von M√ºnzen","321100","32","3","15","8","-46.66666667","0","Industrie, Produktion","Sekund‰rsektor (Industrieller Sektor, Produktion)","Keine Dienstleistung","Low-technology"
"62"," Herstellung von Schmuck, Gold- und Silberschmiedwaren a. n. g. (ohne Fantasieschmuck)","321202","32","3","102","95","-6.862745098","1","Kreativwirtschaft","Sekund‰rsektor (Industrieller Sektor, Produktion)","Keine Dienstleistung","Low-technology"
"63"," Herstellung von Musikinstrumenten","322000","32","3","31","34","9.677419355","3","Kreativwirtschaft","Sekund‰rsektor (Industrieller Sektor, Produktion)","Keine Dienstleistung","Low-technology"
"64"," Herstellung von Spielwaren","324000","32","3","4","5","25","4","Industrie, Produktion","Sekund‰rsektor (Industrieller Sektor, Produktion)","Keine Dienstleistung","Low-technology"
"65"," Herstellung von medizinischen und zahnmedizinischen Apparaten und Materialien","325001","32","3","14","37","164.2857143","4","Life Sciences, Chemie, Pharma","Sekund‰rsektor (Industrieller Sektor, Produktion)","Keine Dienstleistung","Low-technology"
"66"," Herstellung von orthop√§dischen und prothetischen Erzeugnissen","325002","32","3","119","123","3.361344538","2","Life Sciences, Chemie, Pharma","Sekund‰rsektor (Industrieller Sektor, Produktion)","Keine Dienstleistung","Low-technology"
"67"," Zahntechnische Laboratorien","325003","32","3","596","712","19.46308725","3","Life Sciences, Chemie, Pharma","Sekund‰rsektor (Industrieller Sektor, Produktion)","Keine Dienstleistung","Low-technology"
"68"," Herstellung von Brillen","325004","32","3","215","211","-1.860465116","2","Life Sciences","Sekund‰rsektor (Industrieller Sektor, Produktion)","Keine Dienstleistung","Low-technology"
"69"," Herstellung von sonstigen Erzeugnissen a. n. g.","329900","32","3","33","31","-6.060606061","1","Industrie, Produktion","Sekund‰rsektor (Industrieller Sektor, Produktion)","Keine Dienstleistung","Low-technology"
"70"," Reparatur von Maschinen","331200","33","3","25","58","132","4","Industrie, Produktion","Sekund‰rsektor (Industrieller Sektor, Produktion)","Keine Dienstleistung","Medium-low-technology"
"71"," Reparatur von elektronischen und optischen Ger√§ten","331300","33","3","8","5","-37.5","0","Industrie, Produktion","Sekund‰rsektor (Industrieller Sektor, Produktion)","Keine Dienstleistung","Medium-low-technology"
"72"," Reparatur und Instandhaltung von Luft- und Raumfahrzeugen","331600","33","3","1218","973","-20.11494253","0","MEM-Industrie","Sekund‰rsektor (Industrieller Sektor, Produktion)","Keine Dienstleistung","Medium-low-technology"
"73"," Installation von Maschinen und Ausr√ºstungen a. n. g.","332000","33","3","10","19","90","4","Industrie, Produktion","Sekund‰rsektor (Industrieller Sektor, Produktion)","Keine Dienstleistung","Medium-low-technology"
"74"," Elektrizit√§tserzeugung","351100","35","3","4","6","50","4","Industrie, Produktion","Sekund‰rsektor (Industrieller Sektor, Produktion)","Keine Dienstleistung","Non-Manufacturing"
"75"," Elektrizit√§tsverteilung","351300","35","3","568","575","1.232394366","2","Industrie, Produktion","Sekund‰rsektor (Industrieller Sektor, Produktion)","Keine Dienstleistung","Non-Manufacturing"
"76"," Gasverteilung durch Rohrleitungen","352200","35","3","276","345","25","4","Industrie, Produktion","Sekund‰rsektor (Industrieller Sektor, Produktion)","Keine Dienstleistung","Non-Manufacturing"
"77"," W√§rme- und K√§lteversorgung","353000","35","3","54","9","-83.33333333","0","Industrie, Produktion","Sekund‰rsektor (Industrieller Sektor, Produktion)","Keine Dienstleistung","Non-Manufacturing"
"78"," Abwasserentsorgung","370000","37","3","16","8","-50","0","Industrie, Produktion","Sekund‰rsektor (Industrieller Sektor, Produktion)","Keine Dienstleistung","Non-Manufacturing"
"79"," Behandlung und Beseitigung nicht gef√§hrlicher Abf√§lle","382100","38","3","18","105","483.3333333","4","Industrie, Produktion","Sekund‰rsektor (Industrieller Sektor, Produktion)","Keine Dienstleistung","Non-Manufacturing"
"80"," R√ºckgewinnung sortierter Werkstoffe","383200","38","3","244","204","-16.39344262","1","Industrie, Produktion","Sekund‰rsektor (Industrieller Sektor, Produktion)","Keine Dienstleistung","Non-Manufacturing"
"81"," Entwicklung von Bauprojekten","411000","41","4","15","45","200","4","Bau","Sekund‰rsektor (Industrieller Sektor, Produktion)","Keine Dienstleistung","Non-Manufacturing"
"82"," Allgemeiner Hochbau","412001","41","4","338","398","17.75147929","3","Bau","Sekund‰rsektor (Industrieller Sektor, Produktion)","Keine Dienstleistung","Non-Manufacturing"
"83"," Allgemeiner Hoch- und Tiefbau ohne ausgepr√§gten Schwerpunkt","412003","41","4","913","932","2.081051479","2","Bau","Sekund‰rsektor (Industrieller Sektor, Produktion)","Keine Dienstleistung","Non-Manufacturing"
"84"," Unterhalt und Reparatur von Geb√§uden","412004","41","4","163","102","-37.42331288","0","Bau","Sekund‰rsektor (Industrieller Sektor, Produktion)","Keine Dienstleistung","Non-Manufacturing"
"85"," Bau von Strassen","421100","42","4","116","130","12.06896552","3","Bau","Sekund‰rsektor (Industrieller Sektor, Produktion)","Keine Dienstleistung","Non-Manufacturing"
"86"," Bau von Bahnverkehrsstrecken","421200","42","4","167","193","15.56886228","3","Bau","Sekund‰rsektor (Industrieller Sektor, Produktion)","Keine Dienstleistung","Non-Manufacturing"
"87"," Rohrleitungstiefbau, Brunnenbau und Kl√§ranlagenbau","422100","42","4","14","13","-7.142857143","1","Bau","Sekund‰rsektor (Industrieller Sektor, Produktion)","Keine Dienstleistung","Non-Manufacturing"
"88"," Sonstiger Tiefbau a. n. g.","429900","42","4","44","36","-18.18181818","1","Bau","Sekund‰rsektor (Industrieller Sektor, Produktion)","Keine Dienstleistung","Non-Manufacturing"
"89"," Abbrucharbeiten","431100","43","4","8","13","62.5","4","Bau","Sekund‰rsektor (Industrieller Sektor, Produktion)","Keine Dienstleistung","Non-Manufacturing"
"90"," Elektroinstallation","432100","43","4","2661","2234","-16.04659902","1","Bau","Sekund‰rsektor (Industrieller Sektor, Produktion)","Keine Dienstleistung","Non-Manufacturing"
"91"," Sanit√§rinstallation","432201","43","4","54","55","1.851851852","2","Bau","Sekund‰rsektor (Industrieller Sektor, Produktion)","Keine Dienstleistung","Non-Manufacturing"
"92"," Sanit√§rinstallation und Spenglerei","432202","43","4","280","252","-10","1","Bau","Sekund‰rsektor (Industrieller Sektor, Produktion)","Keine Dienstleistung","Non-Manufacturing"
"93"," Sanit√§r- und Heizungsinstallation","432203","43","4","310","290","-6.451612903","1","Bau","Sekund‰rsektor (Industrieller Sektor, Produktion)","Keine Dienstleistung","Non-Manufacturing"
"94"," Installation von Heizungs-, L√ºftungs- und Klimaanlagen","432204","43","4","568","621","9.330985915","3","Bau","Sekund‰rsektor (Industrieller Sektor, Produktion)","Keine Dienstleistung","Non-Manufacturing"
"95"," D√§mmung gegen K√§lte, W√§rme, Schall und Ersch√ºtterung","432901","43","4","118","83","-29.66101695","0","Bau","Sekund‰rsektor (Industrieller Sektor, Produktion)","Keine Dienstleistung","Non-Manufacturing"
"96"," Sonstige Bauinstallation","432902","43","4","139","79","-43.16546763","0","Bau","Sekund‰rsektor (Industrieller Sektor, Produktion)","Keine Dienstleistung","Non-Manufacturing"
"97"," Anbringen von Stuckaturen, Gipserei und Verputzerei","433100","43","4","291","277","-4.810996564","2","Bau","Sekund‰rsektor (Industrieller Sektor, Produktion)","Keine Dienstleistung","Non-Manufacturing"
"98"," Einbau von Fenster, T√ºren und Innenausbau, Einbauk√ºchen, Einbaum√∂bel","433200","43","4","148","107","-27.7027027","0","Bau","Sekund‰rsektor (Industrieller Sektor, Produktion)","Keine Dienstleistung","Non-Manufacturing"
"99"," Verlegen von Fussboden","433301","43","4","195","182","-6.666666667","1","Bau","Sekund‰rsektor (Industrieller Sektor, Produktion)","Keine Dienstleistung","Non-Manufacturing"
"100"," Verlegen von Fliesen und Platten","433302","43","4","204","199","-2.450980392","2","Bau","Sekund‰rsektor (Industrieller Sektor, Produktion)","Keine Dienstleistung","Non-Manufacturing"
"101"," Malerei","433401","43","4","765","668","-12.67973856","1","Bau","Sekund‰rsektor (Industrieller Sektor, Produktion)","Keine Dienstleistung","Non-Manufacturing"
"102"," Malerei und Gipserei ohne ausgepr√§gten Schwerpunkt","433402","43","4","177","205","15.81920904","3","Bau","Sekund‰rsektor (Industrieller Sektor, Produktion)","Keine Dienstleistung","Non-Manufacturing"
"103"," Glaserei","433403","43","4","44","49","11.36363636","3","Bau","Sekund‰rsektor (Industrieller Sektor, Produktion)","Keine Dienstleistung","Non-Manufacturing"
"104"," Sonstiger Ausbau a. n. g.","433900","43","4","15","14","-6.666666667","1","Bau","Sekund‰rsektor (Industrieller Sektor, Produktion)","Keine Dienstleistung","Non-Manufacturing"
"105"," Holzbau, Zimmerei","439101","43","4","34","56","64.70588235","4","Bau","Sekund‰rsektor (Industrieller Sektor, Produktion)","Keine Dienstleistung","Non-Manufacturing"
"106"," Dachdeckerei","439102","43","4","115","97","-15.65217391","1","Bau","Sekund‰rsektor (Industrieller Sektor, Produktion)","Keine Dienstleistung","Non-Manufacturing"
"107"," Bauspenglerei","439103","43","4","13","17","30.76923077","4","Bau","Sekund‰rsektor (Industrieller Sektor, Produktion)","Keine Dienstleistung","Non-Manufacturing"
"108"," Abdichtungen","439901","43","4","43","34","-20.93023256","0","Bau","Sekund‰rsektor (Industrieller Sektor, Produktion)","Keine Dienstleistung","Non-Manufacturing"
"109"," Ger√ºstbau","439902","43","4","74","80","8.108108108","3","Bau","Sekund‰rsektor (Industrieller Sektor, Produktion)","Keine Dienstleistung","Non-Manufacturing"
"110"," Maurerarbeiten","439903","43","4","78","60","-23.07692308","0","Bau","Sekund‰rsektor (Industrieller Sektor, Produktion)","Keine Dienstleistung","Non-Manufacturing"
"111"," Sonstiger spezialisierter Hoch- und Tiefbau a. n. g.","439905","43","4","302","83","-72.51655629","0","Bau","Sekund‰rsektor (Industrieller Sektor, Produktion)","Keine Dienstleistung","Non-Manufacturing"
"112"," Handelsvermittlung und Grosshandel mit Automobilen mit einem Gesamtgewicht von 3,5 t oder weniger","451101","45","4","10","7","-30","0","Handel","Terti‰rsektor (Dienstleistungssektor)","Sonstige Dienstleistungen","Non-Manufacturing"
"113"," Detailhandel mit Automobilen mit einem Gesamtgewicht von 3,5 t oder weniger","451102","45","4","24","16","-33.33333333","0","Handel","Terti‰rsektor (Dienstleistungssektor)","Sonstige Dienstleistungen","Non-Manufacturing"
"114"," Instandhaltung und Reparatur von Automobilen","452001","45","4","544","459","-15.625","1","Sonstige","Terti‰rsektor (Dienstleistungssektor)","Sonstige Dienstleistungen","Non-Manufacturing"
"115"," Reparatur und Lackieren von Carrosserien","452002","45","4","209","168","-19.61722488","1","Sonstige","Terti‰rsektor (Dienstleistungssektor)","Sonstige Dienstleistungen","Non-Manufacturing"
"116"," Grosshandel mit Automobilteilen und -zubeh√∂r","453100","45","4","79","86","8.860759494","3","Handel","Terti‰rsektor (Dienstleistungssektor)","Sonstige Dienstleistungen","Non-Manufacturing"
"117"," Detailhandel mit Automobilteilen und -zubeh√∂r","453200","45","4","26","31","19.23076923","3","Handel","Terti‰rsektor (Dienstleistungssektor)","Sonstige Dienstleistungen","Non-Manufacturing"
"118"," Handel mit Motorr√§dern, Kraftradteilen und -zubeh√∂r, Instandhaltung und Reparatur von Motorr√§dern","454000","45","4","59","49","-16.94915254","1","Handel","Terti‰rsektor (Dienstleistungssektor)","Sonstige Dienstleistungen","Non-Manufacturing"
"119"," Handelsvermittlung von Maschinen, technischem Bedarf, Wasser- und Luftfahrzeugen","461400","46","4","15","12","-20","1","Handel","Terti‰rsektor (Dienstleistungssektor)","Sonstige Dienstleistungen","Non-Manufacturing"
"120"," Handelsvermittlung von Nahrungsmitteln, Getr√§nken und Tabakwaren","461700","46","4","8","16","100","4","Handel","Terti‰rsektor (Dienstleistungssektor)","Sonstige Dienstleistungen","Non-Manufacturing"
"121"," Handelsvermittlung von Waren ohne ausgepr√§gten Schwerpunkt","461900","46","4","37","39","5.405405405","3","Handel","Terti‰rsektor (Dienstleistungssektor)","Sonstige Dienstleistungen","Non-Manufacturing"
"122"," Grosshandel mit Getreide, Rohtabak, Saatgut und Futtermitteln","462100","46","4","21","15","-28.57142857","0","Handel","Terti‰rsektor (Dienstleistungssektor)","Sonstige Dienstleistungen","Non-Manufacturing"
"123"," Grosshandel mit Obst, Gem√ºse und Kartoffeln","463100","46","4","9","5","-44.44444444","0","Handel","Terti‰rsektor (Dienstleistungssektor)","Sonstige Dienstleistungen","Non-Manufacturing"
"124"," Grosshandel mit Fleisch und Fleischwaren","463200","46","4","48","57","18.75","3","Handel","Terti‰rsektor (Dienstleistungssektor)","Sonstige Dienstleistungen","Non-Manufacturing"
"125"," Grosshandel mit Wein und Spirituosen","463401","46","4","30","21","-30","0","Handel","Terti‰rsektor (Dienstleistungssektor)","Sonstige Dienstleistungen","Non-Manufacturing"
"126"," Grosshandel mit sonstigen Getr√§nken","463402","46","4","23","24","4.347826087","2","Handel","Terti‰rsektor (Dienstleistungssektor)","Sonstige Dienstleistungen","Non-Manufacturing"
"127"," Grosshandel mit Tabakwaren","463500","46","4","245","159","-35.10204082","0","Handel","Terti‰rsektor (Dienstleistungssektor)","Sonstige Dienstleistungen","Non-Manufacturing"
"128"," Grosshandel mit sonstigen Nahrungs- und Genussmitteln","463800","46","4","142","108","-23.94366197","0","Handel","Terti‰rsektor (Dienstleistungssektor)","Sonstige Dienstleistungen","Non-Manufacturing"
"129"," Grosshandel mit Nahrungs- und Genussmitteln, Getr√§nken und Tabakwaren, ohne ausgepr√§gten Schwerpunkt","463900","46","4","41","46","12.19512195","3","Handel","Terti‰rsektor (Dienstleistungssektor)","Sonstige Dienstleistungen","Non-Manufacturing"
"130"," Grosshandel mit Textilien","464100","46","4","83","76","-8.43373494","1","Handel","Terti‰rsektor (Dienstleistungssektor)","Sonstige Dienstleistungen","Non-Manufacturing"
"131"," Grosshandel mit Bekleidung","464201","46","4","305","319","4.590163934","2","Handel","Terti‰rsektor (Dienstleistungssektor)","Sonstige Dienstleistungen","Non-Manufacturing"
"132"," Grosshandel mit Schuhen","464202","46","4","17","18","5.882352941","3","Handel","Terti‰rsektor (Dienstleistungssektor)","Sonstige Dienstleistungen","Non-Manufacturing"
"133"," Grosshandel mit elektrischen Haushaltsger√§ten","464301","46","4","89","16","-82.02247191","0","Handel","Terti‰rsektor (Dienstleistungssektor)","Sonstige Dienstleistungen","Non-Manufacturing"
"134"," Grosshandel mit Ger√§ten der Unterhaltungselektronik","464302","46","4","17","8","-52.94117647","0","Handel","Terti‰rsektor (Dienstleistungssektor)","Sonstige Dienstleistungen","Non-Manufacturing"
"135"," Grosshandel mit keramischen Erzeugnissen, Glaswaren und Reinigungsmitteln","464400","46","4","34","32","-5.882352941","1","Handel","Terti‰rsektor (Dienstleistungssektor)","Sonstige Dienstleistungen","Non-Manufacturing"
"136"," Grosshandel mit kosmetischen Erzeugnissen und K√∂rperpflegemitteln","464500","46","4","46","61","32.60869565","4","Handel","Terti‰rsektor (Dienstleistungssektor)","Sonstige Dienstleistungen","Non-Manufacturing"
"137"," Grosshandel mit pharmazeutischen Erzeugnissen","464601","46","4","1152","1603","39.14930556","4","Handel","Terti‰rsektor (Dienstleistungssektor)","Sonstige Dienstleistungen","Non-Manufacturing"
"138"," Grosshandel mit medizinischen, chirurgischen und orthop√§dischen Erzeugnissen","464602","46","4","243","263","8.230452675","3","Handel","Terti‰rsektor (Dienstleistungssektor)","Sonstige Dienstleistungen","Non-Manufacturing"
"139"," Grosshandel mit M√∂beln, Teppichen, Lampen und Leuchten","464700","46","4","28","22","-21.42857143","0","Handel","Terti‰rsektor (Dienstleistungssektor)","Sonstige Dienstleistungen","Non-Manufacturing"
"140"," Grosshandel mit Uhren","464801","46","4","226","192","-15.04424779","1","Handel","Terti‰rsektor (Dienstleistungssektor)","Sonstige Dienstleistungen","Non-Manufacturing"
"141"," Grosshandel mit Schreibwaren, B√ºchern und Zeitungen","464901","46","4","71","14","-80.28169014","0","Handel","Terti‰rsektor (Dienstleistungssektor)","Sonstige Dienstleistungen","Non-Manufacturing"
"142"," Grosshandel mit Sportartikeln","464903","46","4","29","24","-17.24137931","1","Handel","Terti‰rsektor (Dienstleistungssektor)","Sonstige Dienstleistungen","Non-Manufacturing"
"143"," Grosshandel mit Geschenkartikeln und Souvenirs","464905","46","4","47","37","-21.27659574","0","Handel","Terti‰rsektor (Dienstleistungssektor)","Sonstige Dienstleistungen","Non-Manufacturing"
"144"," Grosshandel mit sonstigen Gebrauchs- und Verbrauchsg√ºtern a. n. g.","464906","46","4","15","6","-60","0","Handel","Terti‰rsektor (Dienstleistungssektor)","Sonstige Dienstleistungen","Non-Manufacturing"
"145"," Grosshandel mit Datenverarbeitungsger√§ten und peripheren Einheiten","465101","46","4","32","43","34.375","4","Handel","Terti‰rsektor (Dienstleistungssektor)","Sonstige Dienstleistungen","Non-Manufacturing"
"146"," Grosshandel mit Software","465102","46","4","23","10","-56.52173913","0","Handel","Terti‰rsektor (Dienstleistungssektor)","Sonstige Dienstleistungen","Non-Manufacturing"
"147"," Grosshandel mit elektronischen Bauteilen und Telekommunikationsger√§ten","465200","46","4","61","69","13.1147541","3","Handel","Terti‰rsektor (Dienstleistungssektor)","Sonstige Dienstleistungen","Non-Manufacturing"
"148"," Grosshandel mit B√ºrom√∂beln","466500","46","4","35","21","-40","0","Handel","Terti‰rsektor (Dienstleistungssektor)","Sonstige Dienstleistungen","Non-Manufacturing"
"149"," Grosshandel mit sonstigen B√ºromaschinen und -einrichtungen","466600","46","4","17","12","-29.41176471","0","Handel","Terti‰rsektor (Dienstleistungssektor)","Sonstige Dienstleistungen","Non-Manufacturing"
"150"," Grosshandel mit sonstigen Maschinen und Ausr√ºstungen","466900","46","4","286","304","6.293706294","3","Handel","Terti‰rsektor (Dienstleistungssektor)","Sonstige Dienstleistungen","Non-Manufacturing"
"151"," Grosshandel mit festen Brennstoffen und Mineral√∂lerzeugnissen","467100","46","4","49","91","85.71428571","4","Handel","Terti‰rsektor (Dienstleistungssektor)","Sonstige Dienstleistungen","Non-Manufacturing"
"152"," Grosshandel mit Erzen, Metallen und Metallhalbzeug","467200","46","4","98","87","-11.2244898","1","Handel","Terti‰rsektor (Dienstleistungssektor)","Sonstige Dienstleistungen","Non-Manufacturing"
"153"," Grosshandel mit Holz und Bauelementen aus Holz","467301","46","4","46","45","-2.173913043","2","Handel","Terti‰rsektor (Dienstleistungssektor)","Sonstige Dienstleistungen","Non-Manufacturing"
"154"," Grosshandel mit Baustoffen","467302","46","4","151","104","-31.12582781","0","Handel","Terti‰rsektor (Dienstleistungssektor)","Sonstige Dienstleistungen","Non-Manufacturing"
"155"," Grosshandel mit Flachglas, Anstrichmitteln und Sanit√§rkeramik","467303","46","4","93","92","-1.075268817","2","Handel","Terti‰rsektor (Dienstleistungssektor)","Sonstige Dienstleistungen","Non-Manufacturing"
"156"," Grosshandel mit Metall- und Kunststoffwaren f√ºr Bauzwecke sowie Installationsbedarf f√ºr Gas, Wasser und Heizung","467400","46","4","94","88","-6.382978723","1","Handel","Terti‰rsektor (Dienstleistungssektor)","Sonstige Dienstleistungen","Non-Manufacturing"
"157"," Grosshandel mit chemischen Erzeugnissen","467500","46","4","368","369","0.27173913","2","Handel","Terti‰rsektor (Dienstleistungssektor)","Sonstige Dienstleistungen","Non-Manufacturing"
"158"," Grosshandel mit sonstigen Halbwaren","467600","46","4","34","21","-38.23529412","0","Handel","Terti‰rsektor (Dienstleistungssektor)","Sonstige Dienstleistungen","Non-Manufacturing"
"159"," Grosshandel ohne ausgepr√§gten Schwerpunkt","469000","46","4","354","342","-3.389830508","2","Handel","Terti‰rsektor (Dienstleistungssektor)","Sonstige Dienstleistungen","Non-Manufacturing"
"160"," Verbraucherm√§rkte (> 2500 m2)","471101","47","4","178","202","13.48314607","3","Handel","Terti‰rsektor (Dienstleistungssektor)","Sonstige Dienstleistungen","Non-Manufacturing"
"161"," Grosse Superm√§rkte (1000-2499 m2)","471102","47","4","357","548","53.50140056","4","Handel","Terti‰rsektor (Dienstleistungssektor)","Sonstige Dienstleistungen","Non-Manufacturing"
"162"," Kleine Superm√§rkte (400-999 m2)","471103","47","4","552","624","13.04347826","3","Handel","Terti‰rsektor (Dienstleistungssektor)","Sonstige Dienstleistungen","Non-Manufacturing"
"163"," Grosse Gesch√§fte (100-399 m2)","471104","47","4","315","270","-14.28571429","1","Handel","Terti‰rsektor (Dienstleistungssektor)","Sonstige Dienstleistungen","Non-Manufacturing"
"164"," Kleine Gesch√§fte (< 100 m2)","471105","47","4","55","102","85.45454545","4","Handel","Terti‰rsektor (Dienstleistungssektor)","Sonstige Dienstleistungen","Non-Manufacturing"
"165"," Warenh√§user","471901","47","4","1122","724","-35.47237077","0","Handel","Terti‰rsektor (Dienstleistungssektor)","Sonstige Dienstleistungen","Non-Manufacturing"
"166"," Sonstiger Detailhandel mit Waren verschiedener Art a.n.g","471902","47","4","89","123","38.20224719","4","Handel","Terti‰rsektor (Dienstleistungssektor)","Sonstige Dienstleistungen","Non-Manufacturing"
"167"," Detailhandel mit Obst, Gem√ºse und Kartoffeln","472100","47","4","17","31","82.35294118","4","Handel","Terti‰rsektor (Dienstleistungssektor)","Sonstige Dienstleistungen","Non-Manufacturing"
"168"," Detailhandel mit Back- und S√ºsswaren","472401","47","4","274","246","-10.2189781","1","Handel","Terti‰rsektor (Dienstleistungssektor)","Sonstige Dienstleistungen","Non-Manufacturing"
"169"," B√§ckereien - Tea-Rooms","472402","47","4","189","160","-15.34391534","1","Handel","Terti‰rsektor (Dienstleistungssektor)","Sonstige Dienstleistungen","Non-Manufacturing"
"170"," Detailhandel mit Getr√§nken","472500","47","4","86","33","-61.62790698","0","Handel","Terti‰rsektor (Dienstleistungssektor)","Sonstige Dienstleistungen","Non-Manufacturing"
"171"," Detailhandel mit Tabakwaren","472600","47","4","27","20","-25.92592593","0","Handel","Terti‰rsektor (Dienstleistungssektor)","Sonstige Dienstleistungen","Non-Manufacturing"
"172"," Detailhandel mit Milcherzeugnissen und Eiern","472901","47","4","9","14","55.55555556","4","Handel","Terti‰rsektor (Dienstleistungssektor)","Sonstige Dienstleistungen","Non-Manufacturing"
"173"," Sonstiger Fachdetailhandel mit Nahrungs- und Genussmitteln, Getr√§nken und Tabakwaren a. n. g. (in Verkaufsr√§umen)","472902","47","4","181","182","0.552486188","2","Handel","Terti‰rsektor (Dienstleistungssektor)","Sonstige Dienstleistungen","Non-Manufacturing"
"174"," Detailhandel mit Motorenkraftstoffen (Tankstellen)","473000","47","4","125","119","-4.8","2","Handel","Terti‰rsektor (Dienstleistungssektor)","Sonstige Dienstleistungen","Non-Manufacturing"
"175"," Detailhandel mit Datenverarbeitungsger√§ten, peripheren Ger√§ten und Software","474100","47","4","179","169","-5.586592179","1","Handel","Terti‰rsektor (Dienstleistungssektor)","Sonstige Dienstleistungen","Non-Manufacturing"
"176"," Detailhandel mit Telekommunikationsger√§ten","474200","47","4","34","46","35.29411765","4","Handel","Terti‰rsektor (Dienstleistungssektor)","Sonstige Dienstleistungen","Non-Manufacturing"
"177"," Detailhandel mit Ger√§ten der Unterhaltungselektronik","474300","47","4","249","123","-50.60240964","0","Handel","Terti‰rsektor (Dienstleistungssektor)","Sonstige Dienstleistungen","Non-Manufacturing"
"178"," Detailhandel mit Textilien","475100","47","4","81","83","2.469135802","2","Handel","Terti‰rsektor (Dienstleistungssektor)","Sonstige Dienstleistungen","Non-Manufacturing"
"179"," Sonstiger Detailhandel mit Metallwaren, Anstrichmitteln, Bau- und Heimwerkerbedarf","475202","47","4","185","150","-18.91891892","1","Handel","Terti‰rsektor (Dienstleistungssektor)","Sonstige Dienstleistungen","Non-Manufacturing"
"180"," Detailhandel mit Vorh√§ngen, Teppichen, Fussbodenbel√§gen und Tapeten","475300","47","4","21","7","-66.66666667","0","Handel","Terti‰rsektor (Dienstleistungssektor)","Sonstige Dienstleistungen","Non-Manufacturing"
"181"," Detailhandel mit elektrischen Haushaltsger√§ten","475400","47","4","41","34","-17.07317073","1","Handel","Terti‰rsektor (Dienstleistungssektor)","Sonstige Dienstleistungen","Non-Manufacturing"
"182"," Detailhandel mit Musikinstrumenten","475901","47","4","51","36","-29.41176471","0","Handel","Terti‰rsektor (Dienstleistungssektor)","Sonstige Dienstleistungen","Non-Manufacturing"
"183"," Detailhandel mit M√∂beln","475902","47","4","162","118","-27.16049383","0","Handel","Terti‰rsektor (Dienstleistungssektor)","Sonstige Dienstleistungen","Non-Manufacturing"
"184"," Detailhandel mit Einrichtungsgegenst√§nden und Hausrat a. n. g.","475903","47","4","62","67","8.064516129","3","Handel","Terti‰rsektor (Dienstleistungssektor)","Sonstige Dienstleistungen","Non-Manufacturing"
"185"," Detailhandel mit B√ºchern","476100","47","4","195","130","-33.33333333","0","Handel","Terti‰rsektor (Dienstleistungssektor)","Sonstige Dienstleistungen","Non-Manufacturing"
"186"," Detailhandel mit Zeitschriften und Zeitungen, Kioske","476201","47","4","236","184","-22.03389831","0","Handel","Terti‰rsektor (Dienstleistungssektor)","Sonstige Dienstleistungen","Non-Manufacturing"
"187"," Detailhandel mit Schreibwaren und B√ºrobedarf","476202","47","4","89","50","-43.82022472","0","Handel","Terti‰rsektor (Dienstleistungssektor)","Sonstige Dienstleistungen","Non-Manufacturing"
"188"," Detailhandel mit bespielten Ton- und Bildtr√§gern","476300","47","4","23","14","-39.13043478","0","Handel","Terti‰rsektor (Dienstleistungssektor)","Sonstige Dienstleistungen","Non-Manufacturing"
"189"," Detailhandel mit Fahrr√§dern","476401","47","4","85","100","17.64705882","3","Handel","Terti‰rsektor (Dienstleistungssektor)","Sonstige Dienstleistungen","Non-Manufacturing"
"190"," Detailhandel mit Sportartikeln","476402","47","4","252","259","2.777777778","2","Handel","Terti‰rsektor (Dienstleistungssektor)","Sonstige Dienstleistungen","Non-Manufacturing"
"191"," Detailhandel mit Spielwaren","476500","47","4","65","50","-23.07692308","0","Handel","Terti‰rsektor (Dienstleistungssektor)","Sonstige Dienstleistungen","Non-Manufacturing"
"192"," Detailhandel mit Damenbekleidung","477101","47","4","406","300","-26.10837438","0","Handel","Terti‰rsektor (Dienstleistungssektor)","Sonstige Dienstleistungen","Non-Manufacturing"
"193"," Detailhandel mit Herrenbekleidung","477102","47","4","97","70","-27.83505155","0","Handel","Terti‰rsektor (Dienstleistungssektor)","Sonstige Dienstleistungen","Non-Manufacturing"
"194"," Detailhandel mit S√§uglings- und Kinderbekleidung","477103","47","4","13","23","76.92307692","4","Handel","Terti‰rsektor (Dienstleistungssektor)","Sonstige Dienstleistungen","Non-Manufacturing"
"195"," Detailhandel mit Bekleidungszubeh√∂r und Bekleidung ohne ausgepr√§gten Schwerpunkt","477105","47","4","755","563","-25.43046358","0","Handel","Terti‰rsektor (Dienstleistungssektor)","Sonstige Dienstleistungen","Non-Manufacturing"
"196"," Detailhandel mit Schuhen","477201","47","4","311","208","-33.11897106","0","Handel","Terti‰rsektor (Dienstleistungssektor)","Sonstige Dienstleistungen","Non-Manufacturing"
"197"," Detailhandel mit Lederwaren und Reiseartikeln","477202","47","4","34","31","-8.823529412","1","Handel","Terti‰rsektor (Dienstleistungssektor)","Sonstige Dienstleistungen","Non-Manufacturing"
"198"," Apotheken","477300","47","4","798","811","1.629072682","2","Handel","Terti‰rsektor (Dienstleistungssektor)","Sonstige Dienstleistungen","Non-Manufacturing"
"199"," Detailhandel mit medizinischen und orthop√§dischen Artikeln","477400","47","4","36","15","-58.33333333","0","Handel","Terti‰rsektor (Dienstleistungssektor)","Sonstige Dienstleistungen","Non-Manufacturing"
"200"," Drogerien","477501","47","4","99","103","4.04040404","2","Handel","Terti‰rsektor (Dienstleistungssektor)","Sonstige Dienstleistungen","Non-Manufacturing"
"201"," Parf√ºmerien und sonstiger Detailhandel mit kosmetischen Artikeln und K√∂rperpflegemitteln","477502","47","4","193","175","-9.32642487","1","Handel","Terti‰rsektor (Dienstleistungssektor)","Sonstige Dienstleistungen","Non-Manufacturing"
"202"," Detailhandel mit Blumen und Pflanzen","477602","47","4","135","117","-13.33333333","1","Handel","Terti‰rsektor (Dienstleistungssektor)","Sonstige Dienstleistungen","Non-Manufacturing"
"203"," Detailhandel mit Haustieren und zoologischem Bedarf f√ºr Haustiere","477603","47","4","36","34","-5.555555556","1","Handel","Terti‰rsektor (Dienstleistungssektor)","Sonstige Dienstleistungen","Non-Manufacturing"
"204"," Detailhandel mit Uhren und Schmuck","477700","47","4","293","222","-24.23208191","0","Handel","Terti‰rsektor (Dienstleistungssektor)","Sonstige Dienstleistungen","Non-Manufacturing"
"205"," Detailhandel mit Brennstoffen und Heizmaterial","477801","47","4","10","12","20","3","Handel","Terti‰rsektor (Dienstleistungssektor)","Sonstige Dienstleistungen","Non-Manufacturing"
"206"," Detailhandel mit Brillen und anderen Sehhilfen","477802","47","4","295","287","-2.711864407","2","Handel","Terti‰rsektor (Dienstleistungssektor)","Sonstige Dienstleistungen","Non-Manufacturing"
"207"," Detailhandel mit fotografischen Artikeln","477803","47","4","13","15","15.38461538","3","Handel","Terti‰rsektor (Dienstleistungssektor)","Sonstige Dienstleistungen","Non-Manufacturing"
"208"," Detailhandel mit Geschenkartikeln und Souvenirs","477804","47","4","36","15","-58.33333333","0","Handel","Terti‰rsektor (Dienstleistungssektor)","Sonstige Dienstleistungen","Non-Manufacturing"
"209"," Kunsthandel","477805","47","4","113","114","0.884955752","2","Handel","Terti‰rsektor (Dienstleistungssektor)","Sonstige Dienstleistungen","Non-Manufacturing"
"210"," Sonstiger Fachdetailhandel a. n. g. (in Verkaufsr√§umen)","477806","47","4","88","67","-23.86363636","0","Handel","Terti‰rsektor (Dienstleistungssektor)","Sonstige Dienstleistungen","Non-Manufacturing"
"211"," Detailhandel mit Antiquit√§ten","477901","47","4","38","19","-50","0","Handel","Terti‰rsektor (Dienstleistungssektor)","Sonstige Dienstleistungen","Non-Manufacturing"
"212"," Detailhandel mit Gebrauchtwaren a. n. g. (in Verkaufsr√§umen)","477902","47","4","115","118","2.608695652","2","Handel","Terti‰rsektor (Dienstleistungssektor)","Sonstige Dienstleistungen","Non-Manufacturing"
"213"," Detailhandel mit Nahrungs- und Genussmitteln, Getr√§nken und Tabakwaren an Verkaufsst√§nden und auf M√§rkten","478100","47","4","16","9","-43.75","0","Handel","Terti‰rsektor (Dienstleistungssektor)","Sonstige Dienstleistungen","Non-Manufacturing"
"214"," Detailhandel mit sonstigen G√ºtern an Verkaufsst√§nden und auf M√§rkten","478900","47","4","10","6","-40","0","Handel","Terti‰rsektor (Dienstleistungssektor)","Sonstige Dienstleistungen","Non-Manufacturing"
"215"," Versand- und Internet-Detailhandel","479100","47","4","92","124","34.7826087","4","Handel","Terti‰rsektor (Dienstleistungssektor)","Sonstige Dienstleistungen","Non-Manufacturing"
"216"," Sonstiger Detailhandel, nicht in Verkaufsr√§umen, an Verkaufsst√§nden oder auf M√§rkten","479900","47","4","14","15","7.142857143","3","Handel","Terti‰rsektor (Dienstleistungssektor)","Sonstige Dienstleistungen","Non-Manufacturing"
"217"," Personenbef√∂rderung im Eisenbahnfernverkehr","491000","49","4","1292","1260","-2.476780186","2","Dienstleistungen","Terti‰rsektor (Dienstleistungssektor)","Sonstige Dienstleistungen","Non-Manufacturing"
"218"," G√ºterbef√∂rderung im Eisenbahnverkehr","492000","49","4","81","61","-24.69135802","0","Dienstleistungen","Terti‰rsektor (Dienstleistungssektor)","Sonstige Dienstleistungen","Non-Manufacturing"
"219"," Personenbef√∂rderung im Nahverkehr zu Lande (ohne Taxis)","493100","49","4","1105","1263","14.29864253","3","Dienstleistungen","Terti‰rsektor (Dienstleistungssektor)","Sonstige Dienstleistungen","Non-Manufacturing"
"220"," Betrieb von Taxis","493200","49","4","560","357","-36.25","0","Dienstleistungen","Terti‰rsektor (Dienstleistungssektor)","Sonstige Dienstleistungen","Non-Manufacturing"
"221"," Nicht-regelm√§ssiger Personenbef√∂rderung im Landverkehr","493901","49","4","27","20","-25.92592593","0","Dienstleistungen","Terti‰rsektor (Dienstleistungssektor)","Sonstige Dienstleistungen","Non-Manufacturing"
"222"," Regelm√§ssige Personenbef√∂rderung im Regional- und Fernverkehr","493902","49","4","88","55","-37.5","0","Dienstleistungen","Terti‰rsektor (Dienstleistungssektor)","Sonstige Dienstleistungen","Non-Manufacturing"
"223"," G√ºterbef√∂rderung im Strassenverkehr","494100","49","4","989","953","-3.640040445","2","Dienstleistungen","Terti‰rsektor (Dienstleistungssektor)","Sonstige Dienstleistungen","Non-Manufacturing"
"224"," Umzugstransporte","494200","49","4","151","140","-7.284768212","1","Dienstleistungen","Terti‰rsektor (Dienstleistungssektor)","Sonstige Dienstleistungen","Non-Manufacturing"
"225"," Personenbef√∂rderung in der See- und K√ºstenschifffahrt","501000","50","5","12","6","-50","0","Dienstleistungen","Terti‰rsektor (Dienstleistungssektor)","Marktbezogene wissensintensive Dienstleistungen","Non-Manufacturing"
"226"," G√ºterbef√∂rderung in der See- und K√ºstenschifffahrt","502000","50","5","8","8","0","2","Dienstleistungen","Terti‰rsektor (Dienstleistungssektor)","Marktbezogene wissensintensive Dienstleistungen","Non-Manufacturing"
"227"," Personenbef√∂rderung in der Binnenschifffahrt","503000","50","5","1059","1005","-5.099150142","1","Dienstleistungen","Terti‰rsektor (Dienstleistungssektor)","Marktbezogene wissensintensive Dienstleistungen","Non-Manufacturing"
"228"," G√ºterbef√∂rderung in der Binnenschifffahrt","504000","50","5","339","260","-23.30383481","0","Dienstleistungen","Terti‰rsektor (Dienstleistungssektor)","Marktbezogene wissensintensive Dienstleistungen","Non-Manufacturing"
"229"," Personenbef√∂rderung in der Luftfahrt","511000","51","5","796","856","7.537688442","3","Dienstleistungen","Terti‰rsektor (Dienstleistungssektor)","Marktbezogene wissensintensive Dienstleistungen","Non-Manufacturing"
"230"," G√ºterbef√∂rderung in der Luftfahrt","512100","51","5","8","6","-25","0","Dienstleistungen","Terti‰rsektor (Dienstleistungssektor)","Marktbezogene wissensintensive Dienstleistungen","Non-Manufacturing"
"231"," Lagerung","521000","52","5","173","63","-63.58381503","0","Dienstleistungen","Terti‰rsektor (Dienstleistungssektor)","Sonstige Dienstleistungen","Non-Manufacturing"
"232"," Erbringung von sonstigen Dienstleistungen f√ºr den Landverkehr","522100","52","5","65","86","32.30769231","4","Dienstleistungen","Terti‰rsektor (Dienstleistungssektor)","Sonstige Dienstleistungen","Non-Manufacturing"
"233"," Erbringung von sonstigen Dienstleistungen f√ºr die Schifffahrt","522200","52","5","117","147","25.64102564","4","Dienstleistungen","Terti‰rsektor (Dienstleistungssektor)","Sonstige Dienstleistungen","Non-Manufacturing"
"234"," Erbringung von sonstigen Dienstleistungen f√ºr die Luftfahrt","522300","52","5","700","680","-2.857142857","2","Dienstleistungen","Terti‰rsektor (Dienstleistungssektor)","Sonstige Dienstleistungen","Non-Manufacturing"
"235"," Frachtumschlag","522400","52","5","34","20","-41.17647059","0","Dienstleistungen","Terti‰rsektor (Dienstleistungssektor)","Sonstige Dienstleistungen","Non-Manufacturing"
"236"," Erbringung von sonstigen Dienstleistungen f√ºr den Verkehr a. n. g.","522900","52","5","2228","2017","-9.47037702","1","Dienstleistungen","Terti‰rsektor (Dienstleistungssektor)","Sonstige Dienstleistungen","Non-Manufacturing"
"237"," Postdienste von Universaldienstleistungsanbietern","531000","53","5","647","515","-20.40185471","0","Dienstleistungen","Terti‰rsektor (Dienstleistungssektor)","Sonstige Dienstleistungen","Non-Manufacturing"
"238"," Sonstige Post-, Kurier- und Expressdienste","532000","53","5","1320","1331","0.833333333","2","Dienstleistungen","Terti‰rsektor (Dienstleistungssektor)","Sonstige Dienstleistungen","Non-Manufacturing"
"239"," Hotels, Gasth√∂fe und Pensionen mit Restaurant","551001","55","5","1630","1196","-26.62576687","0","Gastronomie","Terti‰rsektor (Dienstleistungssektor)","Sonstige Dienstleistungen","Non-Manufacturing"
"240"," Hotels, Gasth√∂fe und Pensionen ohne Restaurant","551002","55","5","93","86","-7.52688172","1","Gastronomie","Terti‰rsektor (Dienstleistungssektor)","Sonstige Dienstleistungen","Non-Manufacturing"
"241"," Verwaltung von Hotels, Gasth√∂fen und Pensionen","551003","55","5","20","13","-35","0","Gastronomie","Terti‰rsektor (Dienstleistungssektor)","Sonstige Dienstleistungen","Non-Manufacturing"
"242"," Ferienwohnungen, Ferienh√§user","552001","55","5","43","31","-27.90697674","0","Gastronomie","Terti‰rsektor (Dienstleistungssektor)","Sonstige Dienstleistungen","Non-Manufacturing"
"243"," Sonstige Beherbergungsst√§tten","559000","55","5","9","10","11.11111111","3","Gastronomie","Terti‰rsektor (Dienstleistungssektor)","Sonstige Dienstleistungen","Non-Manufacturing"
"244"," Restaurants, Imbissstuben, Tea-Rooms und Gelaterias","561001","56","5","4830","4514","-6.542443064","1","Gastronomie","Terti‰rsektor (Dienstleistungssektor)","Sonstige Dienstleistungen","Non-Manufacturing"
"245"," Event-Caterer","562100","56","5","2140","405","-81.07476636","0","Gastronomie","Terti‰rsektor (Dienstleistungssektor)","Sonstige Dienstleistungen","Non-Manufacturing"
"246"," Erbringung sonstiger Verpflegungsdienstleistungen","562900","56","5","1043","929","-10.93000959","1","Gastronomie","Terti‰rsektor (Dienstleistungssektor)","Sonstige Dienstleistungen","Non-Manufacturing"
"247"," Bars","563001","56","5","592","482","-18.58108108","1","Gastronomie","Terti‰rsektor (Dienstleistungssektor)","Sonstige Dienstleistungen","Non-Manufacturing"
"248"," Diskotheken, Dancings, Night Clubs","563002","56","5","170","118","-30.58823529","0","Gastronomie","Terti‰rsektor (Dienstleistungssektor)","Sonstige Dienstleistungen","Non-Manufacturing"
"249"," Verlegen von B√ºchern","581100","58","5","162","175","8.024691358","3","Kreativwirtschaft","Terti‰rsektor (Dienstleistungssektor)","Andere wissensintensive Dienstleistungen","Non-Manufacturing"
"250"," Verlegen von Zeitungen","581300","58","5","348","159","-54.31034483","0","Kreativwirtschaft","Terti‰rsektor (Dienstleistungssektor)","Andere wissensintensive Dienstleistungen","Non-Manufacturing"
"251"," Verlegen von Zeitschriften","581400","58","5","362","408","12.70718232","3","Kreativwirtschaft","Terti‰rsektor (Dienstleistungssektor)","Andere wissensintensive Dienstleistungen","Non-Manufacturing"
"252"," Sonstiges Verlagswesen (ohne Software)","581900","58","5","85","112","31.76470588","4","Kreativwirtschaft","Terti‰rsektor (Dienstleistungssektor)","Andere wissensintensive Dienstleistungen","Non-Manufacturing"
"253"," Herstellung von Filmen, Videofilmen und Fernsehprogrammen","591100","59","5","197","208","5.583756345","3","Kreativwirtschaft","Terti‰rsektor (Dienstleistungssektor)","Spitzentechnologie nutzende wissensintensive Dienstleistungen","Non-Manufacturing"
"254"," Nachbearbeitung und sonstige Filmtechnik","591200","59","5","5","4","-20","1","Kreativwirtschaft","Terti‰rsektor (Dienstleistungssektor)","Spitzentechnologie nutzende wissensintensive Dienstleistungen","Non-Manufacturing"
"255"," Filmverleih und -vertrieb (ohne Videotheken)","591300","59","5","7","19","171.4285714","4","Kreativwirtschaft","Terti‰rsektor (Dienstleistungssektor)","Spitzentechnologie nutzende wissensintensive Dienstleistungen","Non-Manufacturing"
"256"," Kinos","591400","59","5","119","95","-20.16806723","0","Kreativwirtschaft","Terti‰rsektor (Dienstleistungssektor)","Spitzentechnologie nutzende wissensintensive Dienstleistungen","Non-Manufacturing"
"257"," Tonstudios, Herstellung von Radiobeitr√§gen, Verlegen von bespielten Tontr√§gern und Musikalien","592000","59","5","79","79","0","2","Kreativwirtschaft","Terti‰rsektor (Dienstleistungssektor)","Spitzentechnologie nutzende wissensintensive Dienstleistungen","Non-Manufacturing"
"258"," Radioveranstalter","601000","60","6","276","381","38.04347826","4","Kreativwirtschaft","Terti‰rsektor (Dienstleistungssektor)","Spitzentechnologie nutzende wissensintensive Dienstleistungen","Non-Manufacturing"
"259"," Fernsehveranstalter","602000","60","6","112","106","-5.357142857","1","Kreativwirtschaft","Terti‰rsektor (Dienstleistungssektor)","Spitzentechnologie nutzende wissensintensive Dienstleistungen","Non-Manufacturing"
"260"," Leitungsgebundene Telekommunikation","611000","61","6","566","531","-6.183745583","1","Dienstleistungen","Terti‰rsektor (Dienstleistungssektor)","Spitzentechnologie nutzende wissensintensive Dienstleistungen","Non-Manufacturing"
"261"," Drahtlose Telekommunikation","612000","61","6","75","60","-20","1","Dienstleistungen","Terti‰rsektor (Dienstleistungssektor)","Spitzentechnologie nutzende wissensintensive Dienstleistungen","Non-Manufacturing"
"262"," Sonstige Telekommunikation","619000","61","6","18","17","-5.555555556","1","Dienstleistungen","Terti‰rsektor (Dienstleistungssektor)","Spitzentechnologie nutzende wissensintensive Dienstleistungen","Non-Manufacturing"
"263"," Programmierungst√§tigkeiten","620100","62","6","1153","1540","33.56461405","4","Dienstleistungen","Terti‰rsektor (Dienstleistungssektor)","Spitzentechnologie nutzende wissensintensive Dienstleistungen","Non-Manufacturing"
"264"," Erbringung von Beratungsleistungen auf dem Gebiet der Informationstechnologie","620200","62","6","1240","1326","6.935483871","3","Dienstleistungen","Terti‰rsektor (Dienstleistungssektor)","Spitzentechnologie nutzende wissensintensive Dienstleistungen","Non-Manufacturing"
"265"," Erbringung von sonstigen Dienstleistungen der Informationstechnologie","620900","62","6","81","75","-7.407407407","1","Dienstleistungen","Terti‰rsektor (Dienstleistungssektor)","Spitzentechnologie nutzende wissensintensive Dienstleistungen","Non-Manufacturing"
"266"," Datenverarbeitung, Hosting und damit verbundene T√§tigkeiten","631100","63","6","74","86","16.21621622","3","Dienstleistungen","Terti‰rsektor (Dienstleistungssektor)","Spitzentechnologie nutzende wissensintensive Dienstleistungen","Non-Manufacturing"
"267"," Webportale","631200","63","6","26","83","219.2307692","4","Kreativwirtschaft","Terti‰rsektor (Dienstleistungssektor)","Spitzentechnologie nutzende wissensintensive Dienstleistungen","Non-Manufacturing"
"268"," Korrespondenz- und Nachrichtenb√ºros","639100","63","6","12","9","-25","0","Kreativwirtschaft","Terti‰rsektor (Dienstleistungssektor)","Spitzentechnologie nutzende wissensintensive Dienstleistungen","Non-Manufacturing"
"269"," Kantonalbanken","641902","64","6","970","1087","12.06185567","3","Finanzwesen","Terti‰rsektor (Dienstleistungssektor)","Wissensintensive Finanzdienstleistungen","Non-Manufacturing"
"270"," Grossbanken","641903","64","6","1626","907","-44.21894219","0","Finanzwesen","Terti‰rsektor (Dienstleistungssektor)","Wissensintensive Finanzdienstleistungen","Non-Manufacturing"
"271"," Regionalbanken und Sparkassen","641904","64","6","33","47","42.42424242","4","Finanzwesen","Terti‰rsektor (Dienstleistungssektor)","Wissensintensive Finanzdienstleistungen","Non-Manufacturing"
"272"," Raiffeisenbanken","641905","64","6","70","62","-11.42857143","1","Finanzwesen","Terti‰rsektor (Dienstleistungssektor)","Wissensintensive Finanzdienstleistungen","Non-Manufacturing"
"273"," B√∂rsenbanken","641907","64","6","517","424","-17.98839458","1","Finanzwesen","Terti‰rsektor (Dienstleistungssektor)","Wissensintensive Finanzdienstleistungen","Non-Manufacturing"
"274"," Ausl√§ndisch beherrschte Banken","641908","64","6","906","854","-5.739514349","1","Finanzwesen","Terti‰rsektor (Dienstleistungssektor)","Wissensintensive Finanzdienstleistungen","Non-Manufacturing"
"275"," Privatbankiers","641910","64","6","135","128","-5.185185185","1","Finanzwesen","Terti‰rsektor (Dienstleistungssektor)","Wissensintensive Finanzdienstleistungen","Non-Manufacturing"
"276"," Andere Banken","641911","64","6","536","482","-10.07462687","1","Finanzwesen","Terti‰rsektor (Dienstleistungssektor)","Wissensintensive Finanzdienstleistungen","Non-Manufacturing"
"277"," Sonstige Kreditinstitute (ohne Spezialkreditinstitute) a. n. g.","641912","64","6","15","17","13.33333333","3","Finanzwesen","Terti‰rsektor (Dienstleistungssektor)","Wissensintensive Finanzdienstleistungen","Non-Manufacturing"
"278"," Andere Holdinggesellschaften","642002","64","6","72","81","12.5","3","Finanzwesen","Terti‰rsektor (Dienstleistungssektor)","Wissensintensive Finanzdienstleistungen","Non-Manufacturing"
"279"," Sonstige Spezialkreditinstitute","649202","64","6","38","39","2.631578947","2","Finanzwesen","Terti‰rsektor (Dienstleistungssektor)","Wissensintensive Finanzdienstleistungen","Non-Manufacturing"
"280"," Investmentgesellschaften","649901","64","6","162","189","16.66666667","3","Finanzwesen","Terti‰rsektor (Dienstleistungssektor)","Wissensintensive Finanzdienstleistungen","Non-Manufacturing"
"281"," Tresorerie innerhalb einer Unternehmensgruppe","649902","64","6","33","19","-42.42424242","0","Finanzwesen","Terti‰rsektor (Dienstleistungssektor)","Wissensintensive Finanzdienstleistungen","Non-Manufacturing"
"282"," Sonstige Finanzierungsinstitutionen a. n. g.","649903","64","6","21","44","109.5238095","4","Finanzwesen","Terti‰rsektor (Dienstleistungssektor)","Wissensintensive Finanzdienstleistungen","Non-Manufacturing"
"283"," Lebensversicherungen","651100","65","6","279","324","16.12903226","3","Finanzwesen","Terti‰rsektor (Dienstleistungssektor)","Wissensintensive Finanzdienstleistungen","Non-Manufacturing"
"284"," Unfallversicherung (SUVA)","651201","65","6","140","118","-15.71428571","1","Finanzwesen","Terti‰rsektor (Dienstleistungssektor)","Wissensintensive Finanzdienstleistungen","Non-Manufacturing"
"285"," Unfall- und Schadenversicherung","651202","65","6","3376","3534","4.680094787","2","Finanzwesen","Terti‰rsektor (Dienstleistungssektor)","Wissensintensive Finanzdienstleistungen","Non-Manufacturing"
"286"," Krankenkassen","651203","65","6","230","210","-8.695652174","1","Finanzwesen","Terti‰rsektor (Dienstleistungssektor)","Wissensintensive Finanzdienstleistungen","Non-Manufacturing"
"287"," Sonstige Versicherungen (ohne Sozialversicherung) a. n. g.","651204","65","6","48","41","-14.58333333","1","Finanzwesen","Terti‰rsektor (Dienstleistungssektor)","Wissensintensive Finanzdienstleistungen","Non-Manufacturing"
"288"," Pensionskassen und Pensionsfonds","653000","65","6","220","215","-2.272727273","2","Finanzwesen","Terti‰rsektor (Dienstleistungssektor)","Wissensintensive Finanzdienstleistungen","Non-Manufacturing"
"289"," Sonstige mit Finanzdienstleistungen verbundene T√§tigkeiten","661900","66","6","221","203","-8.14479638","1","Finanzwesen","Terti‰rsektor (Dienstleistungssektor)","Wissensintensive Finanzdienstleistungen","Non-Manufacturing"
"290"," Risiko- und Schadensbewertung","662100","66","6","28","29","3.571428571","2","Finanzwesen","Terti‰rsektor (Dienstleistungssektor)","Wissensintensive Finanzdienstleistungen","Non-Manufacturing"
"291"," T√§tigkeit von Versicherungsmaklerinnen und -maklern","662200","66","6","590","617","4.576271186","2","Finanzwesen","Terti‰rsektor (Dienstleistungssektor)","Wissensintensive Finanzdienstleistungen","Non-Manufacturing"
"292"," Ausgleichskassen","662901","66","6","159","164","3.144654088","2","Finanzwesen","Terti‰rsektor (Dienstleistungssektor)","Wissensintensive Finanzdienstleistungen","Non-Manufacturing"
"293"," Sonstige mit Versicherungsdienstleistungen und Pensionskassen verbundene T√§tigkeiten a. n. g.","662902","66","6","347","701","102.0172911","4","Finanzwesen","Terti‰rsektor (Dienstleistungssektor)","Wissensintensive Finanzdienstleistungen","Non-Manufacturing"
"294"," Fondsleitungen","663001","66","6","228","251","10.0877193","3","Finanzwesen","Terti‰rsektor (Dienstleistungssektor)","Wissensintensive Finanzdienstleistungen","Non-Manufacturing"
"295"," Fondsmanagement","663002","66","6","560","606","8.214285714","3","Finanzwesen","Terti‰rsektor (Dienstleistungssektor)","Wissensintensive Finanzdienstleistungen","Non-Manufacturing"
"296"," Kauf und Verkauf von eigenen Grundst√ºcken, Geb√§uden und Wohnungen","681000","68","6","196","169","-13.7755102","1","#NV","Terti‰rsektor (Dienstleistungssektor)","Sonstige Dienstleistungen","Non-Manufacturing"
"297"," Vermietung und Verpachtung von eigenen oder geleasten Grundst√ºcken","682001","68","6","47","46","-2.127659574","2","#NV","Terti‰rsektor (Dienstleistungssektor)","Sonstige Dienstleistungen","Non-Manufacturing"
"298"," Vermietung und Verpachtung von eigenen oder geleasten Geb√§uden und Wohnungen","682002","68","6","651","850","30.56835637","4","#NV","Terti‰rsektor (Dienstleistungssektor)","Sonstige Dienstleistungen","Non-Manufacturing"
"299"," Vermittlung von Grundst√ºcken, Geb√§uden und Wohnungen f√ºr Dritte","683100","68","6","189","207","9.523809524","3","#NV","Terti‰rsektor (Dienstleistungssektor)","Sonstige Dienstleistungen","Non-Manufacturing"
"300"," Verwaltung von Grundst√ºcken, Geb√§uden und Wohnungen f√ºr Dritte","683200","68","6","1595","1492","-6.457680251","1","#NV","Terti‰rsektor (Dienstleistungssektor)","Sonstige Dienstleistungen","Non-Manufacturing"
"301"," Advokatur-, Notariatsb√ºros","691001","69","6","1072","1163","8.48880597","3","#NV","Terti‰rsektor (Dienstleistungssektor)","Marktbezogene wissensintensive Dienstleistungen","Non-Manufacturing"
"302"," Patentanwaltsb√ºros, Patentverwertung","691002","69","6","76","86","13.15789474","3","#NV","Terti‰rsektor (Dienstleistungssektor)","Marktbezogene wissensintensive Dienstleistungen","Non-Manufacturing"
"303"," Wirtschaftspr√ºfung und Steuerberatung, Buchf√ºhrung, Treuhandgesellschaften","692000","69","6","1675","1682","0.417910448","2","#NV","Terti‰rsektor (Dienstleistungssektor)","Marktbezogene wissensintensive Dienstleistungen","Non-Manufacturing"
"304"," Firmensitzaktivit√§ten von anderen Gesellschaften","701002","70","7","4410","4455","1.020408163","2","#NV","Terti‰rsektor (Dienstleistungssektor)","Marktbezogene wissensintensive Dienstleistungen","Non-Manufacturing"
"305"," Public-Relations-Beratung","702100","70","7","268","354","32.08955224","4","Kreativwirtschaft","Terti‰rsektor (Dienstleistungssektor)","Marktbezogene wissensintensive Dienstleistungen","Non-Manufacturing"
"306"," Unternehmensberatung","702200","70","7","2105","2407","14.34679335","3","Kreativwirtschaft","Terti‰rsektor (Dienstleistungssektor)","Marktbezogene wissensintensive Dienstleistungen","Non-Manufacturing"
"307"," Architekturb√ºros","711101","71","7","2736","3022","10.45321637","3","Kreativwirtschaft","Terti‰rsektor (Dienstleistungssektor)","Marktbezogene wissensintensive Dienstleistungen","Non-Manufacturing"
"308"," Raumplanungsb√ºros","711102","71","7","39","38","-2.564102564","2","Kreativwirtschaft","Terti‰rsektor (Dienstleistungssektor)","Marktbezogene wissensintensive Dienstleistungen","Non-Manufacturing"
"309"," Landschaftsplanungsb√ºros und Gartenarchitekturb√ºros","711103","71","7","73","93","27.39726027","4","Kreativwirtschaft","Terti‰rsektor (Dienstleistungssektor)","Marktbezogene wissensintensive Dienstleistungen","Non-Manufacturing"
"310"," Bau-Ingenieurb√ºros","711201","71","7","1004","848","-15.53784861","1","#NV","Terti‰rsektor (Dienstleistungssektor)","Marktbezogene wissensintensive Dienstleistungen","Non-Manufacturing"
"311"," Geb√§udetechnik-Ingenieurb√ºros","711202","71","7","195","172","-11.79487179","1","#NV","Terti‰rsektor (Dienstleistungssektor)","Marktbezogene wissensintensive Dienstleistungen","Non-Manufacturing"
"312"," Sonstige Ingenieurb√ºros","711203","71","7","926","1430","54.42764579","4","#NV","Terti‰rsektor (Dienstleistungssektor)","Marktbezogene wissensintensive Dienstleistungen","Non-Manufacturing"
"313"," Geometerb√ºros","711204","71","7","6","7","16.66666667","3","#NV","Terti‰rsektor (Dienstleistungssektor)","Marktbezogene wissensintensive Dienstleistungen","Non-Manufacturing"
"314"," Sonstige technische Beratung und Planung","711205","71","7","552","579","4.891304348","2","#NV","Terti‰rsektor (Dienstleistungssektor)","Marktbezogene wissensintensive Dienstleistungen","Non-Manufacturing"
"315"," Technische, physikalische und chemische Untersuchung","712000","71","7","269","397","47.58364312","4","#NV","Terti‰rsektor (Dienstleistungssektor)","Marktbezogene wissensintensive Dienstleistungen","Non-Manufacturing"
"316"," Forschung und Entwicklung im Bereich Biotechnologie","721100","72","7","500","658","31.6","4","Life Sciences, Chemie, Pharma","Terti‰rsektor (Dienstleistungssektor)","Spitzentechnologie nutzende wissensintensive Dienstleistungen","Non-Manufacturing"
"317"," Sonstige Forschung und Entwicklung im Bereich Natur-, Ingenieur-, Agrarwissenschaften und Medizin","721900","72","7","2317","2541","9.667673716","3","Life Sciences, Chemie, Pharma","Terti‰rsektor (Dienstleistungssektor)","Spitzentechnologie nutzende wissensintensive Dienstleistungen","Non-Manufacturing"
"318"," Forschung und Entwicklung im Bereich Rechts-, Wirtschafts- und Sozialwissenschaften sowie im Bereich Sprach-, Kultur- und Kunstwissenschaften","722000","72","7","70","70","0","2","#NV","Terti‰rsektor (Dienstleistungssektor)","Spitzentechnologie nutzende wissensintensive Dienstleistungen","Non-Manufacturing"
"319"," Werbeagenturen","731100","73","7","886","779","-12.07674944","1","Kreativwirtschaft","Terti‰rsektor (Dienstleistungssektor)","Marktbezogene wissensintensive Dienstleistungen","Non-Manufacturing"
"320"," Vermarktung und Vermittlung von Werbezeiten und Werbefl√§chen","731200","73","7","95","52","-45.26315789","0","Kreativwirtschaft","Terti‰rsektor (Dienstleistungssektor)","Marktbezogene wissensintensive Dienstleistungen","Non-Manufacturing"
"321"," Markt- und Meinungsforschung","732000","73","7","95","36","-62.10526316","0","#NV","Terti‰rsektor (Dienstleistungssektor)","Marktbezogene wissensintensive Dienstleistungen","Non-Manufacturing"
"322"," Industrie- und Produktdesign","741001","74","7","92","113","22.82608696","4","Kreativwirtschaft","Terti‰rsektor (Dienstleistungssektor)","Marktbezogene wissensintensive Dienstleistungen","Non-Manufacturing"
"323"," Grafikdesign und Visuelle Kommunikation","741002","74","7","499","499","0","2","Kreativwirtschaft","Terti‰rsektor (Dienstleistungssektor)","Marktbezogene wissensintensive Dienstleistungen","Non-Manufacturing"
"324"," Innenarchitektur und Raumgestaltung","741003","74","7","177","174","-1.694915254","2","Kreativwirtschaft","Terti‰rsektor (Dienstleistungssektor)","Marktbezogene wissensintensive Dienstleistungen","Non-Manufacturing"
"325"," Fotografie","742001","74","7","166","161","-3.012048193","2","Kreativwirtschaft","Terti‰rsektor (Dienstleistungssektor)","Marktbezogene wissensintensive Dienstleistungen","Non-Manufacturing"
"326"," Fotolabors","742002","74","7","6","4","-33.33333333","0","Kreativwirtschaft","Terti‰rsektor (Dienstleistungssektor)","Marktbezogene wissensintensive Dienstleistungen","Non-Manufacturing"
"327"," √úbersetzen und Dolmetschen","743000","74","7","175","121","-30.85714286","0","Kreativwirtschaft","Terti‰rsektor (Dienstleistungssektor)","Marktbezogene wissensintensive Dienstleistungen","Non-Manufacturing"
"328"," Sonstige freiberufliche, wissenschaftliche und technische T√§tigkeiten a. n. g.","749000","74","7","308","340","10.38961039","3","#NV","Terti‰rsektor (Dienstleistungssektor)","Marktbezogene wissensintensive Dienstleistungen","Non-Manufacturing"
"329"," Veterin√§rwesen","750000","75","7","61","61","0","2","#NV","Terti‰rsektor (Dienstleistungssektor)","Andere wissensintensive Dienstleistungen","Non-Manufacturing"
"330"," Vermietung von Automobilen mit einem Gesamtgewicht von 3,5 t oder weniger","771100","77","7","237","226","-4.641350211","2","#NV","Terti‰rsektor (Dienstleistungssektor)","Sonstige Dienstleistungen","Non-Manufacturing"
"331"," Vermietung von sonstigen Gebrauchsg√ºtern","772900","77","7","6","6","0","2","#NV","Terti‰rsektor (Dienstleistungssektor)","Sonstige Dienstleistungen","Non-Manufacturing"
"332"," Vermietung von sonstigen Maschinen, Ger√§ten und beweglichen Sachen a. n. g.","773900","77","7","28","20","-28.57142857","0","#NV","Terti‰rsektor (Dienstleistungssektor)","Sonstige Dienstleistungen","Non-Manufacturing"
"333"," Leasing von geistigem Eigentum und √§hnlichen Produkten (ohne Copyrights)","774000","77","7","32","13","-59.375","0","#NV","Terti‰rsektor (Dienstleistungssektor)","Sonstige Dienstleistungen","Non-Manufacturing"
"334"," Vermittlung von Arbeitskr√§ften","781000","78","7","637","830","30.29827316","4","#NV","Terti‰rsektor (Dienstleistungssektor)","Marktbezogene wissensintensive Dienstleistungen","Non-Manufacturing"
"335"," Befristete √úberlassung von Arbeitskr√§ften","782000","78","7","6530","6753","3.415007657","2","#NV","Terti‰rsektor (Dienstleistungssektor)","Marktbezogene wissensintensive Dienstleistungen","Non-Manufacturing"
"336"," Reiseb√ºros","791100","79","7","443","280","-36.79458239","0","Dienstleistungen","Terti‰rsektor (Dienstleistungssektor)","Sonstige Dienstleistungen","Non-Manufacturing"
"337"," Reiseveranstalter","791200","79","7","69","165","139.1304348","4","#NV","Terti‰rsektor (Dienstleistungssektor)","Sonstige Dienstleistungen","Non-Manufacturing"
"338"," Erbringung sonstiger Reservierungsdienstleistungen","799002","79","7","109","99","-9.174311927","1","Kreativwirtschaft","Terti‰rsektor (Dienstleistungssektor)","Sonstige Dienstleistungen","Non-Manufacturing"
"339"," Private Wach- und Sicherheitsdienste","801000","80","8","1286","1271","-1.166407465","2","#NV","Terti‰rsektor (Dienstleistungssektor)","Marktbezogene wissensintensive Dienstleistungen","Non-Manufacturing"
"340"," Hausmeisterdienste, Facility Management","811000","81","8","678","773","14.01179941","3","Dienstleistungen","Terti‰rsektor (Dienstleistungssektor)","Sonstige Dienstleistungen","Non-Manufacturing"
"341"," Allgemeine Geb√§udereinigung","812100","81","8","3947","3178","-19.48315176","1","Dienstleistungen","Terti‰rsektor (Dienstleistungssektor)","Sonstige Dienstleistungen","Non-Manufacturing"
"342"," Kaminfeger","812201","81","8","19","16","-15.78947368","1","Dienstleistungen","Terti‰rsektor (Dienstleistungssektor)","Sonstige Dienstleistungen","Non-Manufacturing"
"343"," Spezielle Reinigung von Geb√§uden und Reinigung von Maschinen","812202","81","8","34","12","-64.70588235","0","Dienstleistungen","Terti‰rsektor (Dienstleistungssektor)","Sonstige Dienstleistungen","Non-Manufacturing"
"344"," Reinigung a. n. g.","812900","81","8","462","482","4.329004329","2","Dienstleistungen","Terti‰rsektor (Dienstleistungssektor)","Sonstige Dienstleistungen","Non-Manufacturing"
"345"," Garten- und Landschaftsbau sowie Erbringung von sonstigen g√§rtnerischen Dienstleistungen","813000","81","8","192","210","9.375","3","Dienstleistungen","Terti‰rsektor (Dienstleistungssektor)","Sonstige Dienstleistungen","Non-Manufacturing"
"346"," Allgemeine Sekretariats- und Schreibdienste","821100","82","8","5","13","160","4","#NV","Terti‰rsektor (Dienstleistungssektor)","Sonstige Dienstleistungen","Non-Manufacturing"
"347"," Sekretariats- und Schreibdienste","821901","82","8","121","83","-31.40495868","0","#NV","Terti‰rsektor (Dienstleistungssektor)","Sonstige Dienstleistungen","Non-Manufacturing"
"348"," Copy Shops","821902","82","8","15","11","-26.66666667","0","Dienstleistungen","Terti‰rsektor (Dienstleistungssektor)","Sonstige Dienstleistungen","Non-Manufacturing"
"349"," Call Centers","822000","82","8","38","31","-18.42105263","1","#NV","Terti‰rsektor (Dienstleistungssektor)","Sonstige Dienstleistungen","Non-Manufacturing"
"350"," Messe-, Ausstellungs- und Kongressveranstalter","823000","82","8","642","389","-39.40809969","0","Kreativwirtschaft","Terti‰rsektor (Dienstleistungssektor)","Sonstige Dienstleistungen","Non-Manufacturing"
"351"," Inkassob√ºros und Auskunfteien","829100","82","8","27","27","0","2","#NV","Terti‰rsektor (Dienstleistungssektor)","Sonstige Dienstleistungen","Non-Manufacturing"
"352"," Abf√ºllen und Verpacken","829200","82","8","13","11","-15.38461538","1","Dienstleistungen","Terti‰rsektor (Dienstleistungssektor)","Sonstige Dienstleistungen","Non-Manufacturing"
"353"," Erbringung sonstiger wirtschaftlicher Dienstleistungen f√ºr Unternehmen und Privatpersonen a. n. g.","829900","82","8","31","87","180.6451613","4","#NV","Terti‰rsektor (Dienstleistungssektor)","Sonstige Dienstleistungen","Non-Manufacturing"
"354"," Allgemeine √∂ffentliche Verwaltung","841100","84","8","1291","1245","-3.563129357","2","#NV","Terti‰rsektor (Dienstleistungssektor)","Andere wissensintensive Dienstleistungen","Non-Manufacturing"
"355"," √ñffentliche Verwaltung auf den Gebieten Gesundheitswesen, Bildung, Kultur und Sozialwesen","841200","84","8","832","1044","25.48076923","4","#NV","Terti‰rsektor (Dienstleistungssektor)","Andere wissensintensive Dienstleistungen","Non-Manufacturing"
"356"," Wirtschaftsf√∂rderung, -ordnung und -aufsicht","841300","84","8","740","748","1.081081081","2","#NV","Terti‰rsektor (Dienstleistungssektor)","Andere wissensintensive Dienstleistungen","Non-Manufacturing"
"357"," Ausw√§rtige Angelegenheiten","842100","84","8","8","7","-12.5","1","#NV","Terti‰rsektor (Dienstleistungssektor)","Andere wissensintensive Dienstleistungen","Non-Manufacturing"
"358"," Verteidigung","842201","84","8","29","27","-6.896551724","1","#NV","Terti‰rsektor (Dienstleistungssektor)","Andere wissensintensive Dienstleistungen","Non-Manufacturing"
"359"," Verwaltung der Rechtspflege, Gerichte","842301","84","8","815","840","3.067484663","2","#NV","Terti‰rsektor (Dienstleistungssektor)","Andere wissensintensive Dienstleistungen","Non-Manufacturing"
"360"," Verwaltung von Strafvollzugsanstalten","842302","84","8","61","58","-4.918032787","2","#NV","Terti‰rsektor (Dienstleistungssektor)","Andere wissensintensive Dienstleistungen","Non-Manufacturing"
"361"," √ñffentliche Sicherheit und Ordnung","842400","84","8","1940","1917","-1.18556701","2","#NV","Terti‰rsektor (Dienstleistungssektor)","Andere wissensintensive Dienstleistungen","Non-Manufacturing"
"362"," Feuerwehren","842500","84","8","110","209","90","4","#NV","Terti‰rsektor (Dienstleistungssektor)","Andere wissensintensive Dienstleistungen","Non-Manufacturing"
"363"," Alters- und Hinterlassenenversicherung (AHV), Invalidenversicherung (IV), Arbeitslosenversicherung (ALV)","843000","84","8","130","134","3.076923077","2","#NV","Terti‰rsektor (Dienstleistungssektor)","Andere wissensintensive Dienstleistungen","Non-Manufacturing"
"364"," Kinderg√§rten und Vorschulen","851000","85","8","437","657","50.34324943","4","#NV","Terti‰rsektor (Dienstleistungssektor)","Andere wissensintensive Dienstleistungen","Non-Manufacturing"
"365"," Primarschulen","852001","85","8","2039","2401","17.75380088","3","#NV","Terti‰rsektor (Dienstleistungssektor)","Andere wissensintensive Dienstleistungen","Non-Manufacturing"
"366"," Sonderschulen","852002","85","8","427","269","-37.00234192","0","#NV","Terti‰rsektor (Dienstleistungssektor)","Andere wissensintensive Dienstleistungen","Non-Manufacturing"
"367"," Obligatorische Schulen a. n. g.","852003","85","8","139","166","19.42446043","3","#NV","Terti‰rsektor (Dienstleistungssektor)","Andere wissensintensive Dienstleistungen","Non-Manufacturing"
"368"," Bezirks-, Sekundar-, Realschulen, Oberstufe der Primarschulen","853101","85","8","903","976","8.084163898","3","#NV","Terti‰rsektor (Dienstleistungssektor)","Andere wissensintensive Dienstleistungen","Non-Manufacturing"
"369"," Maturit√§tsschulen","853102","85","8","802","682","-14.96259352","1","#NV","Terti‰rsektor (Dienstleistungssektor)","Andere wissensintensive Dienstleistungen","Non-Manufacturing"
"370"," Fachmittelschulen FMS (bisher: Diplommittelschulen DMS)","853103","85","8","183","209","14.20765027","3","#NV","Terti‰rsektor (Dienstleistungssektor)","Andere wissensintensive Dienstleistungen","Non-Manufacturing"
"371"," Berufsbildende weiterf√ºhrende Schulen","853200","85","8","1148","1090","-5.052264808","1","#NV","Terti‰rsektor (Dienstleistungssektor)","Andere wissensintensive Dienstleistungen","Non-Manufacturing"
"372"," Universit√§re Hochschulen","854201","85","8","4338","4707","8.506224066","3","#NV","Terti‰rsektor (Dienstleistungssektor)","Andere wissensintensive Dienstleistungen","Non-Manufacturing"
"373"," Andere Ausbildungsst√§tten der h√∂heren Berufsbildung","854203","85","8","26","40","53.84615385","4","#NV","Terti‰rsektor (Dienstleistungssektor)","Andere wissensintensive Dienstleistungen","Non-Manufacturing"
"374"," Sport- und Freizeitunterricht","855100","85","8","198","290","46.46464646","4","#NV","Terti‰rsektor (Dienstleistungssektor)","Andere wissensintensive Dienstleistungen","Non-Manufacturing"
"375"," Kulturunterricht","855200","85","8","644","717","11.33540373","3","Kreativwirtschaft","Terti‰rsektor (Dienstleistungssektor)","Andere wissensintensive Dienstleistungen","Non-Manufacturing"
"376"," Fahr- und Flugschulen","855300","85","8","89","93","4.494382022","2","#NV","Terti‰rsektor (Dienstleistungssektor)","Andere wissensintensive Dienstleistungen","Non-Manufacturing"
"377"," Sprachunterricht","855901","85","8","496","596","20.16129032","4","#NV","Terti‰rsektor (Dienstleistungssektor)","Andere wissensintensive Dienstleistungen","Non-Manufacturing"
"378"," Informatikunterricht","855902","85","8","20","23","15","3","#NV","Terti‰rsektor (Dienstleistungssektor)","Andere wissensintensive Dienstleistungen","Non-Manufacturing"
"379"," Berufliche Erwachsenenbildung","855903","85","8","847","820","-3.18772137","2","#NV","Terti‰rsektor (Dienstleistungssektor)","Andere wissensintensive Dienstleistungen","Non-Manufacturing"
"380"," Sonstiger Unterricht a. n. g.","855904","85","8","168","162","-3.571428571","2","#NV","Terti‰rsektor (Dienstleistungssektor)","Andere wissensintensive Dienstleistungen","Non-Manufacturing"
"381"," Erbringung von Dienstleistungen f√ºr den Unterricht","856000","85","8","50","28","-44","0","#NV","Terti‰rsektor (Dienstleistungssektor)","Andere wissensintensive Dienstleistungen","Non-Manufacturing"
"382"," Allgemeine Krankenh√§user","861001","86","8","8786","10137","15.37673572","3","#NV","Terti‰rsektor (Dienstleistungssektor)","Andere wissensintensive Dienstleistungen","Non-Manufacturing"
"383"," Spezialkliniken","861002","86","8","4196","4431","5.600571973","3","#NV","Terti‰rsektor (Dienstleistungssektor)","Andere wissensintensive Dienstleistungen","Non-Manufacturing"
"384"," Arztpraxen f√ºr Allgemeinmedizin","862100","86","8","1051","1280","21.7887726","4","#NV","Terti‰rsektor (Dienstleistungssektor)","Andere wissensintensive Dienstleistungen","Non-Manufacturing"
"385"," Facharztpraxen","862200","86","8","1559","1746","11.99486851","3","#NV","Terti‰rsektor (Dienstleistungssektor)","Andere wissensintensive Dienstleistungen","Non-Manufacturing"
"386"," Zahnarztpraxen","862300","86","8","873","862","-1.26002291","2","#NV","Terti‰rsektor (Dienstleistungssektor)","Andere wissensintensive Dienstleistungen","Non-Manufacturing"
"387"," Psychotherapie und Psychologie","869001","86","8","247","257","4.048582996","2","#NV","Terti‰rsektor (Dienstleistungssektor)","Andere wissensintensive Dienstleistungen","Non-Manufacturing"
"388"," Physiotherapie","869002","86","8","614","796","29.64169381","4","#NV","Terti‰rsektor (Dienstleistungssektor)","Andere wissensintensive Dienstleistungen","Non-Manufacturing"
"389"," Aktivit√§ten der Krankenschwestern, Hauspflege","869003","86","8","1026","1355","32.0662768","4","#NV","Terti‰rsektor (Dienstleistungssektor)","Andere wissensintensive Dienstleistungen","Non-Manufacturing"
"390"," Aktivit√§ten der Hebammen","869004","86","8","30","68","126.6666667","4","#NV","Terti‰rsektor (Dienstleistungssektor)","Andere wissensintensive Dienstleistungen","Non-Manufacturing"
"391"," Sonstige Aktivit√§ten der nicht-√§rztlichen Medizinalberufe","869005","86","8","480","473","-1.458333333","2","#NV","Terti‰rsektor (Dienstleistungssektor)","Andere wissensintensive Dienstleistungen","Non-Manufacturing"
"392"," Medizinische Labors","869006","86","8","173","267","54.33526012","4","Life Sciences, Chemie, Pharma","Terti‰rsektor (Dienstleistungssektor)","Andere wissensintensive Dienstleistungen","Non-Manufacturing"
"393"," Sonstiges Gesundheitswesen a. n. g.","869007","86","8","222","332","49.54954955","4","#NV","Terti‰rsektor (Dienstleistungssektor)","Andere wissensintensive Dienstleistungen","Non-Manufacturing"
"394"," Pflegeheime","871000","87","8","3159","3489","10.44634378","3","#NV","Terti‰rsektor (Dienstleistungssektor)","Andere wissensintensive Dienstleistungen","Non-Manufacturing"
"395"," Institutionen f√ºr Suchtkranke","872001","87","8","90","113","25.55555556","4","#NV","Terti‰rsektor (Dienstleistungssektor)","Andere wissensintensive Dienstleistungen","Non-Manufacturing"
"396"," Institutionen f√ºr psychosoziale F√§lle","872002","87","8","136","154","13.23529412","3","#NV","Terti‰rsektor (Dienstleistungssektor)","Andere wissensintensive Dienstleistungen","Non-Manufacturing"
"397"," Altersheime","873001","87","8","301","226","-24.91694352","0","#NV","Terti‰rsektor (Dienstleistungssektor)","Andere wissensintensive Dienstleistungen","Non-Manufacturing"
"398"," Institutionen f√ºr Behinderte","873002","87","8","908","1006","10.79295154","3","#NV","Terti‰rsektor (Dienstleistungssektor)","Andere wissensintensive Dienstleistungen","Non-Manufacturing"
"399"," Wohnheime f√ºr Kinder und Jugendliche","879001","87","8","478","479","0.209205021","2","#NV","Terti‰rsektor (Dienstleistungssektor)","Andere wissensintensive Dienstleistungen","Non-Manufacturing"
"400"," Erziehungsheime","879002","87","8","26","32","23.07692308","4","#NV","Terti‰rsektor (Dienstleistungssektor)","Andere wissensintensive Dienstleistungen","Non-Manufacturing"
"401"," Sonstige Wohnheime","879003","87","8","253","272","7.509881423","3","#NV","Terti‰rsektor (Dienstleistungssektor)","Andere wissensintensive Dienstleistungen","Non-Manufacturing"
"402"," Soziale Betreuung √§lterer Menschen und Behinderter","881000","88","8","1089","892","-18.08999082","1","#NV","Terti‰rsektor (Dienstleistungssektor)","Andere wissensintensive Dienstleistungen","Non-Manufacturing"
"403"," Tagesbetreuung von Kindern","889100","88","8","1465","1679","14.60750853","3","#NV","Terti‰rsektor (Dienstleistungssektor)","Andere wissensintensive Dienstleistungen","Non-Manufacturing"
"404"," Organisationen der Wohlfahrtspflege","889901","88","8","582","675","15.97938144","3","#NV","Terti‰rsektor (Dienstleistungssektor)","Andere wissensintensive Dienstleistungen","Non-Manufacturing"
"405"," Sonstiges Sozialwesen a. n. g.","889902","88","8","1479","1632","10.34482759","3","#NV","Terti‰rsektor (Dienstleistungssektor)","Andere wissensintensive Dienstleistungen","Non-Manufacturing"
"406"," Theater- und Ballettgruppen","900101","90","9","731","668","-8.618331053","1","Kreativwirtschaft","Terti‰rsektor (Dienstleistungssektor)","Andere wissensintensive Dienstleistungen","Non-Manufacturing"
"407"," Orchester, Ch√∂re, Musiker","900102","90","9","1132","1087","-3.975265018","2","Kreativwirtschaft","Terti‰rsektor (Dienstleistungssektor)","Andere wissensintensive Dienstleistungen","Non-Manufacturing"
"408"," Erbringung von Dienstleistungen f√ºr die darstellende Kunst","900200","90","9","74","99","33.78378378","4","Kreativwirtschaft","Terti‰rsektor (Dienstleistungssektor)","Andere wissensintensive Dienstleistungen","Non-Manufacturing"
"409"," Selbstst√§ndige bildende K√ºnstler","900301","90","9","236","223","-5.508474576","1","Kreativwirtschaft","Terti‰rsektor (Dienstleistungssektor)","Andere wissensintensive Dienstleistungen","Non-Manufacturing"
"410"," Sonstige k√ºnstlerische und schriftstellerische T√§tigkeiten und Darbietungen","900302","90","9","77","76","-1.298701299","2","Kreativwirtschaft","Terti‰rsektor (Dienstleistungssektor)","Andere wissensintensive Dienstleistungen","Non-Manufacturing"
"411"," Selbstst√§ndige Journalisten","900303","90","9","76","73","-3.947368421","2","Kreativwirtschaft","Terti‰rsektor (Dienstleistungssektor)","Andere wissensintensive Dienstleistungen","Non-Manufacturing"
"412"," Betrieb von Kultur- und Unterhaltungseinrichtungen","900400","90","9","142","122","-14.08450704","1","Kreativwirtschaft","Terti‰rsektor (Dienstleistungssektor)","Andere wissensintensive Dienstleistungen","Non-Manufacturing"
"413"," Bibliotheken und Archive","910100","91","9","249","244","-2.008032129","2","Kreativwirtschaft","Terti‰rsektor (Dienstleistungssektor)","Andere wissensintensive Dienstleistungen","Non-Manufacturing"
"414"," Museen","910200","91","9","633","721","13.90205371","3","Kreativwirtschaft","Terti‰rsektor (Dienstleistungssektor)","Andere wissensintensive Dienstleistungen","Non-Manufacturing"
"415"," Betrieb von historischen St√§tten und Geb√§uden und √§hnlichen Attraktionen","910300","91","9","5","7","40","4","Kreativwirtschaft","Terti‰rsektor (Dienstleistungssektor)","Andere wissensintensive Dienstleistungen","Non-Manufacturing"
"416"," Botanische und zoologische G√§rten sowie Naturparks","910400","91","9","148","222","50","4","#NV","Terti‰rsektor (Dienstleistungssektor)","Andere wissensintensive Dienstleistungen","Non-Manufacturing"
"417"," Spiel-, Wett- und Lotteriewesen","920000","92","9","448","428","-4.464285714","2","#NV","Terti‰rsektor (Dienstleistungssektor)","Andere wissensintensive Dienstleistungen","Non-Manufacturing"
"418"," Betrieb von Sportanlagen","931100","93","9","174","193","10.91954023","3","#NV","Terti‰rsektor (Dienstleistungssektor)","Andere wissensintensive Dienstleistungen","Non-Manufacturing"
"419"," Sportvereine","931200","93","9","489","478","-2.249488753","2","#NV","Terti‰rsektor (Dienstleistungssektor)","Andere wissensintensive Dienstleistungen","Non-Manufacturing"
"420"," Gymnastik- und Fitnesszentren","931300","93","9","536","514","-4.104477612","2","Dienstleistungen","Terti‰rsektor (Dienstleistungssektor)","Andere wissensintensive Dienstleistungen","Non-Manufacturing"
"421"," Erbringung von sonstigen Dienstleistungen des Sports","931900","93","9","69","54","-21.73913043","0","#NV","Terti‰rsektor (Dienstleistungssektor)","Andere wissensintensive Dienstleistungen","Non-Manufacturing"
"422"," Vergn√ºgungs- und Themenparks","932100","93","9","22","14","-36.36363636","0","#NV","Terti‰rsektor (Dienstleistungssektor)","Andere wissensintensive Dienstleistungen","Non-Manufacturing"
"423"," Erbringung von Dienstleistungen der Unterhaltung und der Erholung a. n. g.","932900","93","9","256","283","10.546875","3","#NV","Terti‰rsektor (Dienstleistungssektor)","Andere wissensintensive Dienstleistungen","Non-Manufacturing"
"424"," Wirtschafts- und Arbeitgeberverb√§nde","941100","94","9","203","263","29.55665025","4","#NV","Terti‰rsektor (Dienstleistungssektor)","Sonstige Dienstleistungen","Non-Manufacturing"
"425"," Berufsorganisationen","941200","94","9","347","314","-9.510086455","1","#NV","Terti‰rsektor (Dienstleistungssektor)","Sonstige Dienstleistungen","Non-Manufacturing"
"426"," Arbeitnehmervereinigungen","942000","94","9","62","61","-1.612903226","2","#NV","Terti‰rsektor (Dienstleistungssektor)","Sonstige Dienstleistungen","Non-Manufacturing"
"427"," Kirchgemeinden und religi√∂se Vereinigungen","949101","94","9","1081","841","-22.20166512","0","#NV","Terti‰rsektor (Dienstleistungssektor)","Sonstige Dienstleistungen","Non-Manufacturing"
"428"," Kl√∂ster und Ordensgemeinschaften","949102","94","9","37","32","-13.51351351","1","#NV","Terti‰rsektor (Dienstleistungssektor)","Sonstige Dienstleistungen","Non-Manufacturing"
"429"," Politische Parteien und Vereinigungen","949200","94","9","21","31","47.61904762","4","#NV","Terti‰rsektor (Dienstleistungssektor)","Sonstige Dienstleistungen","Non-Manufacturing"
"430"," Organisationen der Kultur, Bildung, Wissenschaft und Forschung","949901","94","9","491","630","28.3095723","4","#NV","Terti‰rsektor (Dienstleistungssektor)","Sonstige Dienstleistungen","Non-Manufacturing"
"431"," Organisationen des Gesundheitswesens","949902","94","9","103","167","62.13592233","4","#NV","Terti‰rsektor (Dienstleistungssektor)","Sonstige Dienstleistungen","Non-Manufacturing"
"432"," Jugendorganisationen","949903","94","9","262","415","58.39694656","4","#NV","Terti‰rsektor (Dienstleistungssektor)","Sonstige Dienstleistungen","Non-Manufacturing"
"433"," Sonstige Interessenvertretungen und Vereinigungen a. n. g.","949904","94","9","1107","895","-19.15085818","1","#NV","Terti‰rsektor (Dienstleistungssektor)","Sonstige Dienstleistungen","Non-Manufacturing"
"434"," Reparatur von Telekommunikationsger√§ten","951200","95","9","13","25","92.30769231","4","Dienstleistungen","Terti‰rsektor (Dienstleistungssektor)","Sonstige Dienstleistungen","Non-Manufacturing"
"435"," Reparatur von Schuhen und Lederwaren","952300","95","9","25","20","-20","1","Dienstleistungen","Terti‰rsektor (Dienstleistungssektor)","Sonstige Dienstleistungen","Non-Manufacturing"
"436"," Reparatur von M√∂beln und Einrichtungsgegenst√§nden","952400","95","9","45","32","-28.88888889","0","Dienstleistungen","Terti‰rsektor (Dienstleistungssektor)","Sonstige Dienstleistungen","Non-Manufacturing"
"437"," Reparatur von Uhren und Schmuck","952500","95","9","6","8","33.33333333","4","Dienstleistungen","Terti‰rsektor (Dienstleistungssektor)","Sonstige Dienstleistungen","Non-Manufacturing"
"438"," Reparatur von sonstigen Gebrauchsg√ºtern","952900","95","9","54","48","-11.11111111","1","Dienstleistungen","Terti‰rsektor (Dienstleistungssektor)","Sonstige Dienstleistungen","Non-Manufacturing"
"439"," W√§scherei","960101","96","9","301","264","-12.2923588","1","Dienstleistungen","Terti‰rsektor (Dienstleistungssektor)","Sonstige Dienstleistungen","Non-Manufacturing"
"440"," Textilreinigung","960102","96","9","49","37","-24.48979592","0","Dienstleistungen","Terti‰rsektor (Dienstleistungssektor)","Sonstige Dienstleistungen","Non-Manufacturing"
"441"," Coiffeursalons","960201","96","9","936","914","-2.35042735","2","Dienstleistungen","Terti‰rsektor (Dienstleistungssektor)","Sonstige Dienstleistungen","Non-Manufacturing"
"442"," Kosmetiksalons","960202","96","9","340","373","9.705882353","3","Dienstleistungen","Terti‰rsektor (Dienstleistungssektor)","Sonstige Dienstleistungen","Non-Manufacturing"
"443"," Bestattungswesen","960300","96","9","98","99","1.020408163","2","Dienstleistungen","Terti‰rsektor (Dienstleistungssektor)","Sonstige Dienstleistungen","Non-Manufacturing"
"444"," Saunas, Solarien","960401","96","9","17","19","11.76470588","3","Dienstleistungen","Terti‰rsektor (Dienstleistungssektor)","Sonstige Dienstleistungen","Non-Manufacturing"
"445"," Sonstiges K√∂rperpflegegewerbe","960402","96","9","97","141","45.36082474","4","Dienstleistungen","Terti‰rsektor (Dienstleistungssektor)","Sonstige Dienstleistungen","Non-Manufacturing"
"446"," Erbringung von sonstigen Dienstleistungen a. n. g.","960900","96","9","196","244","24.48979592","4","Dienstleistungen","Terti‰rsektor (Dienstleistungssektor)","Sonstige Dienstleistungen","Non-Manufacturing"
